section	TABLE_NAME	COLUMN_NAME
SCHEMA	account_state	id
SCHEMA	account_state	tenant_id
SCHEMA	account_state	account_id
SCHEMA	account_state	account_state
SCHEMA	account_state	login_state
SCHEMA	account_state	desired_login_state
SCHEMA	account_state	risk_status
SCHEMA	account_state	risk_end_time
SCHEMA	account_state	cooldown_until
SCHEMA	account_state	fallback_message_restriction_until
SCHEMA	account_state	platform_message_restriction_until
SCHEMA	account_state	platform_message_restriction_active
SCHEMA	account_state	platform_message_restriction_reported_at
SCHEMA	account_state	pulling_restriction_until
SCHEMA	account_state	manual_restriction_cleared_at
SCHEMA	account_state	mute_status
SCHEMA	account_state	restriction_reason_code
SCHEMA	account_state	restriction_reported_at
SCHEMA	account_state	block_error_code
SCHEMA	account_state	block_reason
SCHEMA	account_state	state_source
SCHEMA	account_state	last_state_sync_time
SCHEMA	account_state	invalidated_at
SCHEMA	account_state	truth_ip
SCHEMA	account_state	proxy_country
SCHEMA	account_state	proxy_source
SCHEMA	account_state	proxy_failure_count
SCHEMA	account_state	pull_into_group_count
SCHEMA	account_state	created_at
SCHEMA	account_state	updated_at
SCHEMA	pull_task_account_action	id
SCHEMA	pull_task_account_action	tenant_id
SCHEMA	pull_task_account_action	task_id
SCHEMA	pull_task_account_action	group_execution_id
SCHEMA	pull_task_account_action	action_type
SCHEMA	pull_task_account_action	actor_group_account_id
SCHEMA	pull_task_account_action	target_group_account_id
SCHEMA	pull_task_account_action	action_status
SCHEMA	pull_task_account_action	command_id
SCHEMA	pull_task_account_action	attempt_no
SCHEMA	pull_task_account_action	reason_code
SCHEMA	pull_task_account_action	reason_message
SCHEMA	pull_task_account_action	retryable
SCHEMA	pull_task_account_action	submitted_at
SCHEMA	pull_task_account_action	result_at
SCHEMA	pull_task_account_action	created_at
SCHEMA	pull_task_account_action	updated_at
SCHEMA	pull_task_pull_call_member_attempt	id
SCHEMA	pull_task_pull_call_member_attempt	tenant_id
SCHEMA	pull_task_pull_call_member_attempt	task_id
SCHEMA	pull_task_pull_call_member_attempt	group_execution_id
SCHEMA	pull_task_pull_call_member_attempt	pull_call_id
SCHEMA	pull_task_pull_call_member_attempt	pull_wave_id
SCHEMA	pull_task_pull_call_member_attempt	participant_type
SCHEMA	pull_task_pull_call_member_attempt	participant_ref_id
SCHEMA	pull_task_pull_call_member_attempt	target_phone
SCHEMA	pull_task_pull_call_member_attempt	target_jid
SCHEMA	pull_task_pull_call_member_attempt	puller_group_account_id
SCHEMA	pull_task_pull_call_member_attempt	puller_assignment_seq
SCHEMA	pull_task_pull_call_member_attempt	attempt_no
SCHEMA	pull_task_pull_call_member_attempt	failure_count_before
SCHEMA	pull_task_pull_call_member_attempt	lifecycle_status
SCHEMA	pull_task_pull_call_member_attempt	active_slot
SCHEMA	pull_task_pull_call_member_attempt	protocol_outcome
SCHEMA	pull_task_pull_call_member_attempt	execution_state
SCHEMA	pull_task_pull_call_member_attempt	reason_code
SCHEMA	pull_task_pull_call_member_attempt	reason_message
SCHEMA	pull_task_pull_call_member_attempt	submitted_at
SCHEMA	pull_task_pull_call_member_attempt	result_at
SCHEMA	pull_task_pull_call_member_attempt	released_at
SCHEMA	pull_task_pull_call_member_attempt	created_at
SCHEMA	pull_task_pull_call_member_attempt	updated_at
section	id	group_execution_id	pull_wave_id	wave_call_seq	puller_group_account_id	puller_account_id	puller_assignment_seq	planned_material_count	call_status	bound_materials	total_attempts
PLANNED_BINDING	8916	500	1365	1	3897	1504	5	13	1	12	13
PLANNED_BINDING	8934	508	1367	1	3911	1513	5	13	1	12	13
PLANNED_BINDING	9015	510	1374	5	NULL	NULL	NULL	20	1	20	20
PLANNED_BINDING	9055	507	1385	1	NULL	NULL	NULL	19	1	19	19
PLANNED_BINDING	9058	509	1386	1	NULL	NULL	NULL	10	1	10	10
section	group_execution_id	protocol_backend	status	retry_count	n	avg_publish_seconds	max_publish_seconds	last_error
OUTBOX	502	WEB	2	0	1	8.90	8.9010	NULL
OUTBOX	504	ANDROID	2	0	1	8.39	8.3890	NULL
OUTBOX	499	WEB	2	0	1	2.18	2.1790	NULL
OUTBOX	501	WEB	2	0	1	0.73	0.7270	NULL
OUTBOX	500	ANDROID	2	0	11	1.55	2.9010	NULL
OUTBOX	500	WEB	2	0	5	2.40	3.6080	NULL
OUTBOX	510	ANDROID	2	0	57	6.25	33.7250	NULL
OUTBOX	507	WEB	2	0	48	4.45	17.8010	NULL
OUTBOX	508	WEB	2	0	15	9.12	24.5180	NULL
OUTBOX	509	ANDROID	2	0	59	5.31	24.2440	NULL
section	id	group_execution_id	pull_wave_id	wave_call_seq	puller_account_id	call_status	planned_material_count	command_id	submitted_at	result_at
LAST_CALLS	9054	509	1384	4	1757	3	4	cmd_34d80f45cc9e44bbad5755c23f4b269d	2026-09-12 23:02:40.5980	2026-09-12 23:02:57.7690
LAST_CALLS	9053	509	1384	3	1757	3	19	cmd_d1ff001f7f754526aed597d66cc1ffed	2026-09-12 23:02:25.0240	2026-09-12 23:02:37.0830
LAST_CALLS	9052	509	1384	2	1757	3	16	cmd_2c66bb8514dc4b7288f89aa5f69c917b	2026-09-12 23:02:08.9100	2026-09-12 23:02:19.3220
LAST_CALLS	9050	507	1383	4	1456	3	6	cmd_122ec85f39fd433ca4e55eed010af052	2026-09-12 23:01:56.9690	2026-09-12 23:03:17.9130
LAST_CALLS	9051	509	1384	1	1757	3	13	cmd_78ce1c315f7043aaad13c1e717ea6b5e	2026-09-12 23:01:52.5660	2026-09-12 23:02:03.9740
LAST_CALLS	9049	507	1383	3	1456	3	11	cmd_46d4a93a327149988214e9316b8f7cfb	2026-09-12 23:01:39.7960	2026-09-12 23:01:54.9290
LAST_CALLS	9046	509	1382	3	1757	3	16	cmd_0c40720b70444e6fb4ebeddd4ab6408b	2026-09-12 23:01:34.8940	2026-09-12 23:01:50.6710
LAST_CALLS	9048	507	1383	2	1456	3	10	cmd_6f0888eab77544d2b004e1f95b06d42f	2026-09-12 23:01:22.7880	2026-09-12 23:01:39.6730
LAST_CALLS	9045	509	1382	2	1757	3	19	cmd_02fc202edc6a467991494aab5c6cb66a	2026-09-12 23:01:18.9090	2026-09-12 23:01:34.6400
LAST_CALLS	9047	507	1383	1	1456	3	20	cmd_02bad3d9e6ca4923992a2871d039fdc5	2026-09-12 23:01:07.3840	2026-09-12 23:01:24.0010
LAST_CALLS	9044	509	1382	1	1757	3	17	cmd_fc96612ce868434dab4de228a9a5a230	2026-09-12 23:01:02.0170	2026-09-12 23:01:17.7310
LAST_CALLS	9043	507	1381	4	1456	3	4	cmd_dce2eeb23152421a9e82672dcf370bd8	2026-09-12 23:00:47.3030	2026-09-12 23:01:02.9000
LAST_CALLS	9039	509	1380	4	1757	3	6	cmd_5d627d2f42ff47f7ba6abea73c5cc1a3	2026-09-12 23:00:42.7780	2026-09-12 23:00:57.8340
LAST_CALLS	9042	507	1381	3	1456	3	14	cmd_fed436ae5fad44739f088099b29b6192	2026-09-12 23:00:30.2960	2026-09-12 23:00:46.7350
LAST_CALLS	9041	507	1381	2	1456	3	15	cmd_06914175c5b640f38e196de4d993507b	2026-09-12 23:00:14.4770	2026-09-12 23:00:29.5320
LAST_CALLS	9040	507	1381	1	1456	3	14	cmd_44f52726ab8d42a192271fdca39a9287	2026-09-12 22:59:58.1110	2026-09-12 23:00:13.9150
LAST_CALLS	9038	509	1380	3	1757	3	17	cmd_7c332b65b6f447f2bc57f3116fa98090	2026-09-12 22:59:51.9670	2026-09-12 23:00:07.7170
LAST_CALLS	9037	509	1380	2	1757	3	18	cmd_7858f65539824ae3989d692f626184fa	2026-09-12 22:59:35.4440	2026-09-12 22:59:51.5920
LAST_CALLS	9035	507	1379	3	1456	3	10	cmd_f83d50be0a9f454cb6c49b1c3b828249	2026-09-12 22:59:35.4440	2026-09-12 22:59:51.5920
LAST_CALLS	9036	509	1380	1	1757	3	11	cmd_0d0e72909a584f21b092e29b95240cbe	2026-09-12 22:59:19.5110	2026-09-12 22:59:34.9100
LAST_CALLS	9034	507	1379	2	1456	3	18	cmd_8800e0d6f22148e2b7fff152549010a3	2026-09-12 22:59:19.5110	2026-09-12 22:59:34.9100
LAST_CALLS	9033	507	1379	1	1456	3	19	cmd_aed401f0de8c46f1aeab6a30fc1b8981	2026-09-12 22:59:02.8990	2026-09-12 22:59:18.0460
LAST_CALLS	9032	509	1378	3	1757	3	17	cmd_a8f7b5d1d2534c6494136e741dd89b90	2026-09-12 22:58:48.3910	2026-09-12 22:59:03.9360
LAST_CALLS	9031	509	1378	2	1757	3	20	cmd_3d9a391782684ac68e5efd10c8306145	2026-09-12 22:58:30.6210	2026-09-12 22:58:46.8210
section	id	group_execution_id	pull_wave_id	puller_account_id	planned_material_count	call_status	command_id	submitted_at	result_at
ALL_CALL_TIMELINE	8803	499	1358	1456	1	3	cmd_2e5529b8d9954eb1ad7925c43589c556	2026-09-12 22:31:49.7570	2026-09-12 22:31:54.8700
ALL_CALL_TIMELINE	8835	500	1360	1778	1	3	cmd_0e44631752684b47873770487aaad3b9	2026-09-12 22:32:38.5160	2026-09-12 22:32:41.3890
ALL_CALL_TIMELINE	8836	500	1360	1778	1	3	cmd_d72a18f2e4db4f76b022b9c895de970e	2026-09-12 22:32:56.6610	2026-09-12 22:32:58.9730
ALL_CALL_TIMELINE	8837	500	1360	1778	14	3	cmd_0ced47f9257a44f38db10803c45ca694	2026-09-12 22:33:16.2230	2026-09-12 22:33:19.2620
ALL_CALL_TIMELINE	8838	500	1360	1778	18	3	cmd_8023a8ab15f643979f0680c70f00f4e3	2026-09-12 22:33:35.9110	2026-09-12 22:33:51.2580
ALL_CALL_TIMELINE	8839	500	1360	1778	18	3	cmd_92e898036e20458da6112d61d25ae1bc	2026-09-12 22:33:55.4280	2026-09-12 22:34:10.6960
ALL_CALL_TIMELINE	8840	500	1360	1778	16	3	cmd_b2c96c03a09f4e5b9f9ade346b0bacb6	2026-09-12 22:34:10.4300	2026-09-12 22:34:26.2390
ALL_CALL_TIMELINE	8841	500	1360	1778	17	3	cmd_acdfdff5e68541b5bc0d71b6706d6535	2026-09-12 22:34:26.2400	2026-09-12 22:34:47.0680
ALL_CALL_TIMELINE	8842	500	1360	1778	16	3	cmd_f75f786078de4ef0ac324c999e675131	2026-09-12 22:34:42.8910	2026-09-12 22:34:58.4210
ALL_CALL_TIMELINE	8843	500	1360	1778	11	3	cmd_afabcf3a67a64fc1a0048d688468d0da	2026-09-12 22:35:09.6500	2026-09-12 22:35:26.1400
ALL_CALL_TIMELINE	8844	500	1360	1778	13	3	cmd_d4769b2bc75d40cabafcb6a94828e59f	2026-09-12 22:35:41.3810	2026-09-12 22:35:57.6530
ALL_CALL_TIMELINE	8845	500	1360	1778	13	3	cmd_02ba01d4601f4bcb93111cb9e692ddf3	2026-09-12 22:36:03.3090	2026-09-12 22:36:27.0500
ALL_CALL_TIMELINE	8846	500	1360	1504	15	3	cmd_bcceec4b63a949babff7f8ceb2516963	2026-09-12 22:36:20.7980	2026-09-12 22:36:53.0990
ALL_CALL_TIMELINE	8847	500	1360	1504	11	3	cmd_be003673699c40eb80209e9cdaa21875	2026-09-12 22:36:39.5540	2026-09-12 22:37:15.9670
ALL_CALL_TIMELINE	8848	500	1360	1504	19	3	cmd_dd873536381d47569da11a177ed6dece	2026-09-12 22:36:55.5790	2026-09-12 22:37:15.9670
ALL_CALL_TIMELINE	8849	500	1360	1504	17	3	cmd_a8d4ede59fce462798f73350ef45e400	2026-09-12 22:37:11.1740	2026-09-12 22:38:12.7340
ALL_CALL_TIMELINE	8850	500	1360	1504	1	3	cmd_a959c60c344e4264a341f4ee06ffc8fd	2026-09-12 22:37:27.1690	2026-09-12 22:38:12.7340
ALL_CALL_TIMELINE	8819	501	1359	1516	1	3	cmd_7d219c743c9d439ba8d797aba1e0e7d4	2026-09-12 22:31:52.1540	2026-09-12 22:31:57.9250
ALL_CALL_TIMELINE	8771	502	1356	1504	1	3	cmd_cbbd2e1ab2a54584b11ea9b364c54350	2026-09-12 22:31:26.3370	2026-09-12 22:31:38.0080
ALL_CALL_TIMELINE	8788	504	1357	1759	1	3	cmd_522a2f3484614d6796a2438794598f58	2026-09-12 22:31:36.2720	2026-09-12 22:31:46.5190
ALL_CALL_TIMELINE	8868	507	1362	1456	1	3	cmd_13290503f86442f780bdee761dd24b1e	2026-09-12 22:33:35.9110	2026-09-12 22:33:57.2100
ALL_CALL_TIMELINE	8869	507	1362	1456	1	3	cmd_88df580fcd6c46efae3913178fcafcc7	2026-09-12 22:33:55.4280	2026-09-12 22:34:10.6960
ALL_CALL_TIMELINE	8870	507	1362	1456	15	3	cmd_f21e9ed1832845809c6bf5d0fd4ebd70	2026-09-12 22:34:10.4300	2026-09-12 22:34:26.2390
ALL_CALL_TIMELINE	8871	507	1362	1456	10	3	cmd_915316f08a91425da882e6bf413dbd1f	2026-09-12 22:34:26.2400	2026-09-12 22:34:47.0680
ALL_CALL_TIMELINE	8872	507	1362	1456	11	3	cmd_7813b1605c20434e85fa3cd15be2e7c3	2026-09-12 22:34:42.8910	2026-09-12 22:34:58.4210
ALL_CALL_TIMELINE	8873	507	1362	1456	11	3	cmd_bf72f5cf11cf49da8e20099257136c33	2026-09-12 22:35:09.6500	2026-09-12 22:35:26.1400
ALL_CALL_TIMELINE	8874	507	1362	1456	14	3	cmd_1b5b59e6228540e4a36af4b48902e01e	2026-09-12 22:35:41.3810	2026-09-12 22:35:57.6530
ALL_CALL_TIMELINE	8875	507	1362	1456	11	3	cmd_b308f9c0014143a4883e3c985d91415c	2026-09-12 22:36:03.3090	2026-09-12 22:36:27.0500
ALL_CALL_TIMELINE	8876	507	1362	1456	18	3	cmd_5e797049ef204e3f90c73f9815bd72c4	2026-09-12 22:36:20.7980	2026-09-12 22:36:53.0990
ALL_CALL_TIMELINE	8877	507	1362	1456	14	3	cmd_2aa13ae8a9d34a208df777a5d177ca08	2026-09-12 22:36:39.5540	2026-09-12 22:37:15.9670
ALL_CALL_TIMELINE	8878	507	1362	1456	15	3	cmd_e29d6ec4e1a54e9a87a65babe68f48d5	2026-09-12 22:36:55.5790	2026-09-12 22:37:15.9670
ALL_CALL_TIMELINE	8879	507	1362	1456	17	3	cmd_52071984b0224a3d919723803f860d90	2026-09-12 22:37:11.1740	2026-09-12 22:38:12.7340
ALL_CALL_TIMELINE	8880	507	1362	1476	15	3	cmd_7d4bea507d7847ce982b5768cb33a96f	2026-09-12 22:37:27.1690	2026-09-12 22:38:12.7340
ALL_CALL_TIMELINE	8881	507	1362	1476	18	3	cmd_cde1396cd48747e2b6197f0179576758	2026-09-12 22:37:45.2250	2026-09-12 22:38:12.7340
ALL_CALL_TIMELINE	8882	507	1362	1476	18	3	cmd_e8358631ed76453098f9860ed63906a5	2026-09-12 22:38:03.9980	2026-09-12 22:39:28.0310
ALL_CALL_TIMELINE	8883	507	1362	1476	12	3	cmd_4346eab292c54a2bb532757b0bb0ad2e	2026-09-12 22:38:27.0970	2026-09-12 22:39:28.0310
ALL_CALL_TIMELINE	8924	507	1366	1476	13	3	cmd_220a54955e524fdbbdeeadbf35610342	2026-09-12 22:39:56.9430	2026-09-12 22:40:04.2970
ALL_CALL_TIMELINE	8925	507	1366	1476	19	3	cmd_d59572d70433411781bb17b249c7ecdb	2026-09-12 22:41:01.2490	2026-09-12 22:41:06.0980
ALL_CALL_TIMELINE	8926	507	1366	1476	13	3	cmd_e54c73071d0d433095845826ec9eb8aa	2026-09-12 22:41:18.1020	2026-09-12 22:41:33.5340
ALL_CALL_TIMELINE	8927	507	1366	1476	18	3	cmd_765fb9f2d4c44063bf645a90997f3bf7	2026-09-12 22:41:52.6840	2026-09-12 22:54:25.9090
ALL_CALL_TIMELINE	8928	507	1366	1476	20	3	cmd_f4b6f7899d96465992780587d365fa3d	2026-09-12 22:42:11.7390	2026-09-12 22:54:25.9090
ALL_CALL_TIMELINE	8929	507	1366	1476	17	3	cmd_018fc876936349b08e1a28bfa1523f2b	2026-09-12 22:42:27.9210	2026-09-12 22:42:37.4660
ALL_CALL_TIMELINE	8930	507	1366	1476	19	3	cmd_580499ea16594e0e8f2617f90f845667	2026-09-12 22:42:44.1920	2026-09-12 22:42:50.7710
ALL_CALL_TIMELINE	8931	507	1366	1476	13	3	cmd_743e0463f2ea41a0b1ef29520b947907	2026-09-12 22:43:06.9820	2026-09-12 22:43:09.9060
ALL_CALL_TIMELINE	8932	507	1366	1476	18	3	cmd_6bbe4f5bcff44894bfbd136fee6e908e	2026-09-12 22:43:22.9390	2026-09-12 22:43:30.3160
ALL_CALL_TIMELINE	8933	507	1366	1476	2	3	cmd_f930cc0d57e94dda8e52c9f19b5cdae3	2026-09-12 22:43:42.4860	2026-09-12 22:43:44.2710
ALL_CALL_TIMELINE	9019	507	1375	1456	13	3	cmd_682f9cfb34a34971a2741093e1339883	2026-09-12 22:55:19.4700	2026-09-12 22:55:34.8700
ALL_CALL_TIMELINE	9020	507	1375	1456	14	3	cmd_396dbef4a37f43419fe15272f0380854	2026-09-12 22:55:36.6200	2026-09-12 22:55:51.7800
ALL_CALL_TIMELINE	9021	507	1375	1456	11	3	cmd_7efd22412b6d43d8910c47b92c88a1fe	2026-09-12 22:55:53.8550	2026-09-12 22:56:09.5550
ALL_CALL_TIMELINE	9022	507	1375	1456	9	3	cmd_9dc4ef60f3e7409b8ace36bb41e4e01d	2026-09-12 22:56:10.5700	2026-09-12 22:56:25.9290
ALL_CALL_TIMELINE	9023	507	1376	1456	17	3	cmd_9d6fd6ea53f845339703ecf853ec4cff	2026-09-12 22:56:38.3610	2026-09-12 22:56:54.9460
ALL_CALL_TIMELINE	9024	507	1376	1456	20	3	cmd_a361a087719e4bf08898ef5e17ae548f	2026-09-12 22:56:54.5380	2026-09-12 22:57:11.2480
ALL_CALL_TIMELINE	9025	507	1376	1456	10	3	cmd_40b12d72145c49a695e0408ae8213f59	2026-09-12 22:57:11.0130	2026-09-12 22:57:28.0730
ALL_CALL_TIMELINE	9026	507	1377	1456	19	3	cmd_762fe66867274cddbeb4a8ebc954acf3	2026-09-12 22:57:41.6390	2026-09-12 22:57:57.6140
ALL_CALL_TIMELINE	9027	507	1377	1456	11	3	cmd_9847661ff9fa4d23a0eb96530524700a	2026-09-12 22:57:57.6080	2026-09-12 22:58:14.3930
ALL_CALL_TIMELINE	9028	507	1377	1456	10	3	cmd_a9ae9e8a6a9d4efdb908e36d28dbe1dc	2026-09-12 22:58:15.3460	2026-09-12 22:58:30.6200
ALL_CALL_TIMELINE	9029	507	1377	1456	7	3	cmd_91de4a88a0af4d359a49b96be9374b57	2026-09-12 22:58:30.6210	2026-09-12 22:58:46.8210
ALL_CALL_TIMELINE	9033	507	1379	1456	19	3	cmd_aed401f0de8c46f1aeab6a30fc1b8981	2026-09-12 22:59:02.8990	2026-09-12 22:59:18.0460
ALL_CALL_TIMELINE	9034	507	1379	1456	18	3	cmd_8800e0d6f22148e2b7fff152549010a3	2026-09-12 22:59:19.5110	2026-09-12 22:59:34.9100
ALL_CALL_TIMELINE	9035	507	1379	1456	10	3	cmd_f83d50be0a9f454cb6c49b1c3b828249	2026-09-12 22:59:35.4440	2026-09-12 22:59:51.5920
ALL_CALL_TIMELINE	9040	507	1381	1456	14	3	cmd_44f52726ab8d42a192271fdca39a9287	2026-09-12 22:59:58.1110	2026-09-12 23:00:13.9150
ALL_CALL_TIMELINE	9041	507	1381	1456	15	3	cmd_06914175c5b640f38e196de4d993507b	2026-09-12 23:00:14.4770	2026-09-12 23:00:29.5320
ALL_CALL_TIMELINE	9042	507	1381	1456	14	3	cmd_fed436ae5fad44739f088099b29b6192	2026-09-12 23:00:30.2960	2026-09-12 23:00:46.7350
ALL_CALL_TIMELINE	9043	507	1381	1456	4	3	cmd_dce2eeb23152421a9e82672dcf370bd8	2026-09-12 23:00:47.3030	2026-09-12 23:01:02.9000
ALL_CALL_TIMELINE	9047	507	1383	1456	20	3	cmd_02bad3d9e6ca4923992a2871d039fdc5	2026-09-12 23:01:07.3840	2026-09-12 23:01:24.0010
ALL_CALL_TIMELINE	9048	507	1383	1456	10	3	cmd_6f0888eab77544d2b004e1f95b06d42f	2026-09-12 23:01:22.7880	2026-09-12 23:01:39.6730
ALL_CALL_TIMELINE	9049	507	1383	1456	11	3	cmd_46d4a93a327149988214e9316b8f7cfb	2026-09-12 23:01:39.7960	2026-09-12 23:01:54.9290
ALL_CALL_TIMELINE	9050	507	1383	1456	6	3	cmd_122ec85f39fd433ca4e55eed010af052	2026-09-12 23:01:56.9690	2026-09-12 23:03:17.9130
ALL_CALL_TIMELINE	8884	508	1363	1513	1	3	cmd_d80071ef7e704290be3e4dd6e0406e00	2026-09-12 22:34:42.8910	2026-09-12 22:35:07.7220
ALL_CALL_TIMELINE	8885	508	1363	1513	1	3	cmd_2cfd9cb01a474d9bae4f3408bce1a082	2026-09-12 22:35:09.6500	2026-09-12 22:35:26.1400
ALL_CALL_TIMELINE	8886	508	1363	1513	19	3	cmd_bb7b7c1fb6d74d9fbce4a750990d0661	2026-09-12 22:35:41.3810	2026-09-12 22:35:57.6530
ALL_CALL_TIMELINE	8887	508	1363	1513	20	3	cmd_5345966f4c374b02976f73ec1a2517b5	2026-09-12 22:36:03.3090	2026-09-12 22:36:27.0500
ALL_CALL_TIMELINE	8888	508	1363	1513	16	3	cmd_34af7ede73ff47df8e245abff163f933	2026-09-12 22:36:20.7980	2026-09-12 22:36:53.0990
ALL_CALL_TIMELINE	8889	508	1363	1513	16	3	cmd_a7b8a65a1be44d6a972e7c960d19862e	2026-09-12 22:36:39.5540	2026-09-12 22:37:15.9670
ALL_CALL_TIMELINE	8890	508	1363	1513	14	3	cmd_5b26802a883b4f80ab9268598754a30c	2026-09-12 22:36:55.5790	2026-09-12 22:37:15.9670
ALL_CALL_TIMELINE	8891	508	1363	1513	18	3	cmd_431c4eff71f94ca0b3e7600714986611	2026-09-12 22:37:11.1740	2026-09-12 22:38:12.7340
ALL_CALL_TIMELINE	8892	508	1363	1513	18	3	cmd_e5666899c0704fb89d6425b31bc7d795	2026-09-12 22:37:27.1690	2026-09-12 22:38:12.7340
ALL_CALL_TIMELINE	8893	508	1363	1513	14	3	cmd_7303b7f1c10545e7aba562457a63703b	2026-09-12 22:37:45.2250	2026-09-12 22:38:12.7340
ALL_CALL_TIMELINE	8894	508	1363	1513	10	3	cmd_091ed58970ae4582909162581dac5005	2026-09-12 22:38:03.9980	2026-09-12 22:39:28.0310
ALL_CALL_TIMELINE	8895	508	1363	1513	16	3	cmd_74868a070acc4fd7b7a6978a7dc1f433	2026-09-12 22:38:27.0970	2026-09-12 22:39:28.0310
ALL_CALL_TIMELINE	8896	508	1363	1513	19	3	cmd_b325bf643e724190bd4805b38c033696	2026-09-12 22:38:46.6720	2026-09-12 22:39:28.0310
ALL_CALL_TIMELINE	8897	508	1363	1513	15	3	cmd_ff5c80bad3cc427b81694e399f3a273c	2026-09-12 22:39:04.4320	2026-09-12 22:39:28.0310
ALL_CALL_TIMELINE	8898	508	1363	1513	4	3	cmd_fed2e8ebdbff49aba52c7f69375436be	2026-09-12 22:39:21.8150	2026-09-12 22:40:19.3100
ALL_CALL_TIMELINE	8899	509	1364	1756	1	3	cmd_6ab5db6567fe43a9824752a97ef0965f	2026-09-12 22:35:16.7110	2026-09-12 22:35:43.0170
ALL_CALL_TIMELINE	8900	509	1364	1756	1	3	cmd_2fd6aa3b479c40ea9ce7ae4defb531bf	2026-09-12 22:35:41.3810	2026-09-12 22:35:57.6530
ALL_CALL_TIMELINE	8901	509	1364	1756	13	3	cmd_8cf1246cc5974078a179382bb47bc04e	2026-09-12 22:36:03.3090	2026-09-12 22:36:27.0500
ALL_CALL_TIMELINE	8902	509	1364	1756	14	3	cmd_c3f25fdf1b7543b69402905b2d7c659d	2026-09-12 22:36:20.7980	2026-09-12 22:36:53.0990
ALL_CALL_TIMELINE	8903	509	1364	1756	15	3	cmd_87fbfe4175a4418796dd52af72631325	2026-09-12 22:36:39.5540	2026-09-12 22:37:15.9670
ALL_CALL_TIMELINE	8904	509	1364	1756	17	3	cmd_3f5248067844445bbe1ad7d685d5345f	2026-09-12 22:36:55.5790	2026-09-12 22:37:15.9670
ALL_CALL_TIMELINE	8905	509	1364	1756	11	3	cmd_f7634e7e494547c8ab6cc43fd3eb6fd4	2026-09-12 22:37:11.1740	2026-09-12 22:38:12.7340
ALL_CALL_TIMELINE	8906	509	1364	1756	13	3	cmd_fd795b9e5eb44c09af8a16f4f77f8826	2026-09-12 22:37:27.1690	2026-09-12 22:38:12.7340
ALL_CALL_TIMELINE	8907	509	1364	1756	13	3	cmd_a240e21f17f0444a851a33c3fa5fb144	2026-09-12 22:37:45.2250	2026-09-12 22:38:12.7340
ALL_CALL_TIMELINE	8908	509	1364	1756	11	3	cmd_8cbf547281ed40c29ec64458688dc888	2026-09-12 22:38:03.9980	2026-09-12 22:39:28.0310
ALL_CALL_TIMELINE	8909	509	1364	1756	14	3	cmd_db982f85578547fa8ff4a1d8dfe663de	2026-09-12 22:38:27.0970	2026-09-12 22:39:28.0310
ALL_CALL_TIMELINE	8910	509	1364	1756	15	3	cmd_60adffdd8029440f8d8fb63619318428	2026-09-12 22:38:46.6720	2026-09-12 22:39:28.0310
ALL_CALL_TIMELINE	8911	509	1364	1756	19	3	cmd_adf9af9d1a644869a0212c6b069028f8	2026-09-12 22:39:04.4320	2026-09-12 22:39:28.0310
ALL_CALL_TIMELINE	8912	509	1364	1756	13	3	cmd_9c4ecd46edfd49c69e98e649edd7cf26	2026-09-12 22:39:21.8150	2026-09-12 22:40:19.3100
ALL_CALL_TIMELINE	8913	509	1364	1756	12	3	cmd_e3d60aae100f4aec936de08c7b428905	2026-09-12 22:39:56.9430	2026-09-12 22:40:19.3100
ALL_CALL_TIMELINE	8914	509	1364	1756	16	3	cmd_8f9e4b3af26a4d15856e2acf55e2ad26	2026-09-12 22:40:12.3980	2026-09-12 22:40:32.5510
ALL_CALL_TIMELINE	8915	509	1364	1756	3	3	cmd_71d1e860d5c14829aed3f682823a289a	2026-09-12 22:41:01.2490	2026-09-12 22:41:16.9660
ALL_CALL_TIMELINE	8956	509	1369	1756	10	3	cmd_356f87e9f401466fa601e8cb4a0a64d0	2026-09-12 22:41:52.6840	2026-09-12 22:42:07.7850
ALL_CALL_TIMELINE	8957	509	1369	1756	19	3	cmd_76132e2a68da423b96b8960ada6b74b8	2026-09-12 22:42:11.7390	2026-09-12 22:42:27.9980
ALL_CALL_TIMELINE	8958	509	1369	1756	15	3	cmd_63b1acf624eb476480cd6ea9bf169e5a	2026-09-12 22:42:27.9210	2026-09-12 22:42:42.9240
ALL_CALL_TIMELINE	8959	509	1369	1756	11	3	cmd_260523c175d6436f81eb71dcfba72d7a	2026-09-12 22:42:44.1920	2026-09-12 22:43:00.1890
ALL_CALL_TIMELINE	8960	509	1369	1756	17	3	cmd_61a6b7e6eff34504a58e491663a63828	2026-09-12 22:43:06.9820	2026-09-12 22:43:22.6480
ALL_CALL_TIMELINE	8961	509	1369	1756	14	3	cmd_2955ac0eb726442194e3e74ce56f76d9	2026-09-12 22:43:22.9390	2026-09-12 22:43:38.3080
ALL_CALL_TIMELINE	8962	509	1369	1756	20	3	cmd_236efe97f7274d70a96a1788e53b26a9	2026-09-12 22:43:42.4860	2026-09-12 22:43:57.5920
ALL_CALL_TIMELINE	8963	509	1369	1756	16	3	cmd_1bc8862c12c14030ace7b0609296d9f4	2026-09-12 22:43:58.6390	2026-09-12 22:44:14.0800
ALL_CALL_TIMELINE	8964	509	1369	1756	16	3	cmd_28f09793958543be86725bdad1436071	2026-09-12 22:44:20.9980	2026-09-12 22:44:36.6710
ALL_CALL_TIMELINE	8965	509	1369	1756	17	3	cmd_1c82e2739b58402196327a7e6d89a4fd	2026-09-12 22:44:37.1140	2026-09-12 22:44:52.2840
ALL_CALL_TIMELINE	8966	509	1369	1756	18	3	cmd_45cd399a5dd540cd8cf32f40443c0aa1	2026-09-12 22:44:52.1870	2026-09-12 22:45:08.1340
ALL_CALL_TIMELINE	8967	509	1369	1756	20	3	cmd_c7c0ef3828804cc2a3a7cdc01347db4f	2026-09-12 22:45:09.2210	2026-09-12 22:45:24.3300
ALL_CALL_TIMELINE	8968	509	1369	1756	7	3	cmd_ae69c67646734a27a244f38679cd846f	2026-09-12 22:45:25.4110	2026-09-12 22:45:40.7800
ALL_CALL_TIMELINE	8979	509	1371	1756	10	3	cmd_468a7d1ba677492ea6f7fe5bf9b465c2	2026-09-12 22:45:43.2800	2026-09-12 22:46:03.0560
ALL_CALL_TIMELINE	8980	509	1371	1756	11	3	cmd_a18e977c377c4c95ac91b5c3541e3f9d	2026-09-12 22:46:01.8360	2026-09-12 22:46:15.4400
ALL_CALL_TIMELINE	8981	509	1371	1756	11	3	cmd_d177aac94d3b4ae8af0b2de1c98f6576	2026-09-12 22:46:16.9320	2026-09-12 22:46:29.3260
ALL_CALL_TIMELINE	8982	509	1371	1756	11	3	cmd_286910ad939f402f86ad6cd276fb24d3	2026-09-12 22:46:32.2660	2026-09-12 22:46:42.8880
ALL_CALL_TIMELINE	8983	509	1371	1756	14	3	cmd_92d8ee34c75641bc9589e42d1e86c418	2026-09-12 22:46:47.3540	2026-09-12 22:46:56.4620
ALL_CALL_TIMELINE	8984	509	1371	1756	17	3	cmd_3ed1c67c49c14c3da6190cb19362e19d	2026-09-12 22:47:02.5780	2026-09-12 22:47:12.9560
ALL_CALL_TIMELINE	8985	509	1371	1756	19	3	cmd_1d629f8a184e4910bf9544b87a3a25bb	2026-09-12 22:47:17.5980	2026-09-12 22:56:09.5550
ALL_CALL_TIMELINE	8986	509	1371	1756	11	3	cmd_50a264578e324cf988473e08a2d24b3c	2026-09-12 22:47:33.5560	2026-09-12 22:56:09.5550
ALL_CALL_TIMELINE	8987	509	1371	1756	14	3	cmd_03260976e15b4e8cb1b6d0a1a7569278	2026-09-12 22:47:48.9930	2026-09-12 22:48:11.6350
ALL_CALL_TIMELINE	8988	509	1371	1756	13	3	cmd_2d90c420125e41d9a1ec6c63cc1a3639	2026-09-12 22:48:04.1550	2026-09-12 22:56:25.9290
ALL_CALL_TIMELINE	8989	509	1371	1756	10	3	cmd_164ee1af7e4943e28993487aebcf7c91	2026-09-12 22:48:19.8880	2026-09-12 22:56:25.9290
ALL_CALL_TIMELINE	8990	509	1371	1756	14	3	cmd_a855a0aa228b4a09bf49c7cdc1fd7dfd	2026-09-12 22:48:36.4260	2026-09-12 22:56:25.9290
ALL_CALL_TIMELINE	8991	509	1371	1756	11	3	cmd_6ed8f3b716314941a1b0af928fb29566	2026-09-12 22:48:51.9430	2026-09-12 22:56:25.9290
ALL_CALL_TIMELINE	8992	509	1371	1756	11	3	cmd_f377f91199d44c44ac629465beb76baa	2026-09-12 22:49:14.8700	2026-09-12 22:56:25.9290
ALL_CALL_TIMELINE	8993	509	1371	1756	9	3	cmd_214dfdfdb041442dbfb61e7461ac0534	2026-09-12 22:49:31.4690	2026-09-12 22:49:44.8680
ALL_CALL_TIMELINE	9030	509	1378	1757	15	3	cmd_426e53c5a1c14cd696b86e0ff66a5e2f	2026-09-12 22:58:15.3460	2026-09-12 22:58:30.6200
ALL_CALL_TIMELINE	9031	509	1378	1757	20	3	cmd_3d9a391782684ac68e5efd10c8306145	2026-09-12 22:58:30.6210	2026-09-12 22:58:46.8210
ALL_CALL_TIMELINE	9032	509	1378	1757	17	3	cmd_a8f7b5d1d2534c6494136e741dd89b90	2026-09-12 22:58:48.3910	2026-09-12 22:59:03.9360
ALL_CALL_TIMELINE	9036	509	1380	1757	11	3	cmd_0d0e72909a584f21b092e29b95240cbe	2026-09-12 22:59:19.5110	2026-09-12 22:59:34.9100
ALL_CALL_TIMELINE	9037	509	1380	1757	18	3	cmd_7858f65539824ae3989d692f626184fa	2026-09-12 22:59:35.4440	2026-09-12 22:59:51.5920
ALL_CALL_TIMELINE	9038	509	1380	1757	17	3	cmd_7c332b65b6f447f2bc57f3116fa98090	2026-09-12 22:59:51.9670	2026-09-12 23:00:07.7170
ALL_CALL_TIMELINE	9039	509	1380	1757	6	3	cmd_5d627d2f42ff47f7ba6abea73c5cc1a3	2026-09-12 23:00:42.7780	2026-09-12 23:00:57.8340
ALL_CALL_TIMELINE	9044	509	1382	1757	17	3	cmd_fc96612ce868434dab4de228a9a5a230	2026-09-12 23:01:02.0170	2026-09-12 23:01:17.7310
ALL_CALL_TIMELINE	9045	509	1382	1757	19	3	cmd_02fc202edc6a467991494aab5c6cb66a	2026-09-12 23:01:18.9090	2026-09-12 23:01:34.6400
ALL_CALL_TIMELINE	9046	509	1382	1757	16	3	cmd_0c40720b70444e6fb4ebeddd4ab6408b	2026-09-12 23:01:34.8940	2026-09-12 23:01:50.6710
ALL_CALL_TIMELINE	9051	509	1384	1757	13	3	cmd_78ce1c315f7043aaad13c1e717ea6b5e	2026-09-12 23:01:52.5660	2026-09-12 23:02:03.9740
ALL_CALL_TIMELINE	9052	509	1384	1757	16	3	cmd_2c66bb8514dc4b7288f89aa5f69c917b	2026-09-12 23:02:08.9100	2026-09-12 23:02:19.3220
ALL_CALL_TIMELINE	9053	509	1384	1757	19	3	cmd_d1ff001f7f754526aed597d66cc1ffed	2026-09-12 23:02:25.0240	2026-09-12 23:02:37.0830
ALL_CALL_TIMELINE	9054	509	1384	1757	4	3	cmd_34d80f45cc9e44bbad5755c23f4b269d	2026-09-12 23:02:40.5980	2026-09-12 23:02:57.7690
ALL_CALL_TIMELINE	8851	510	1361	1759	1	3	cmd_c66c3c354d1e41408605a9035cc551b8	2026-09-12 22:32:57.9080	2026-09-12 22:33:04.7560
ALL_CALL_TIMELINE	8852	510	1361	1759	1	3	cmd_960cbfbb7a7d4cd487f72fa21f054a48	2026-09-12 22:33:16.2230	2026-09-12 22:33:18.1970
ALL_CALL_TIMELINE	8853	510	1361	1759	14	3	cmd_2a1e1862b3e54b3698ea90c5c455e304	2026-09-12 22:33:35.9110	2026-09-12 22:33:57.2100
ALL_CALL_TIMELINE	8854	510	1361	1759	13	3	cmd_080c587499024748ae74b38307f43359	2026-09-12 22:33:55.4280	2026-09-12 22:34:10.6960
ALL_CALL_TIMELINE	8855	510	1361	1759	18	3	cmd_58e38f3056fe4e09bf1ff27a2be8cb0e	2026-09-12 22:34:10.4300	2026-09-12 22:34:26.2390
ALL_CALL_TIMELINE	8856	510	1361	1759	13	3	cmd_20cf142381554e989ac53b3f153f0278	2026-09-12 22:34:26.2400	2026-09-12 22:34:47.0680
ALL_CALL_TIMELINE	8857	510	1361	1759	14	3	cmd_53c1362f5a6d4ff78222b8142fbaea57	2026-09-12 22:34:42.8910	2026-09-12 22:35:10.4140
ALL_CALL_TIMELINE	8858	510	1361	1759	12	3	cmd_54db1ec464af4f9181b3092bc35d089d	2026-09-12 22:35:09.6500	2026-09-12 22:35:26.1400
ALL_CALL_TIMELINE	8859	510	1361	1759	18	3	cmd_d7ec155de1de46679b67e6b662748ef6	2026-09-12 22:35:41.3810	2026-09-12 22:35:57.6530
ALL_CALL_TIMELINE	8860	510	1361	1759	19	3	cmd_5f8f40d471324cfa8a8895f411bc16ca	2026-09-12 22:36:03.3090	2026-09-12 22:36:27.0500
ALL_CALL_TIMELINE	8861	510	1361	1759	11	3	cmd_8c4182d8c8ef4b25af6d10cf4c48f8dd	2026-09-12 22:36:20.7980	2026-09-12 22:36:53.0990
ALL_CALL_TIMELINE	8862	510	1361	1759	11	3	cmd_a5a10bc7113741dc856e262c44f4cb38	2026-09-12 22:36:39.5540	2026-09-12 22:37:15.9670
ALL_CALL_TIMELINE	8863	510	1361	1759	12	3	cmd_e29330aff361494bbf57c73c22285a72	2026-09-12 22:36:55.5790	2026-09-12 22:37:15.9670
ALL_CALL_TIMELINE	8864	510	1361	1759	18	3	cmd_a1a8d5a205fc48ffb67307aeaaf57da7	2026-09-12 22:37:11.1740	2026-09-12 22:38:12.7340
ALL_CALL_TIMELINE	8865	510	1361	1759	10	3	cmd_797aaa22c30f47f2836658a572b8cf45	2026-09-12 22:37:27.1690	2026-09-12 22:38:12.7340
ALL_CALL_TIMELINE	8866	510	1361	1759	13	3	cmd_b74f51c9b1ee4e21ad88ad9c95be9854	2026-09-12 22:37:45.2250	2026-09-12 22:38:12.7340
ALL_CALL_TIMELINE	8867	510	1361	1759	3	3	cmd_30f9bc7c96ec4b2bb7086257c8bda235	2026-09-12 22:38:03.9980	2026-09-12 22:39:28.0310
ALL_CALL_TIMELINE	8947	510	1368	1759	14	3	cmd_754e4e6283604e52a656eb5152011b35	2026-09-12 22:41:01.2490	2026-09-12 22:41:16.9660
ALL_CALL_TIMELINE	8948	510	1368	1759	16	3	cmd_714f102cdca347ad85faa8ad352e61ee	2026-09-12 22:41:18.1020	2026-09-12 22:41:53.3040
ALL_CALL_TIMELINE	8949	510	1368	1759	15	3	cmd_9380bd26a1354a568daa3c5baec7437c	2026-09-12 22:41:52.6840	2026-09-12 22:42:07.7850
ALL_CALL_TIMELINE	8950	510	1368	1759	13	3	cmd_8155dcdd6034454d8564e7d5dbd4807c	2026-09-12 22:42:11.7390	2026-09-12 22:42:27.9980
ALL_CALL_TIMELINE	8951	510	1368	1759	12	3	cmd_d31b8232cee04b118648e20371917825	2026-09-12 22:42:27.9210	2026-09-12 22:42:42.9240
ALL_CALL_TIMELINE	8952	510	1368	1759	12	3	cmd_564135298ec7492d8e3085e742c74775	2026-09-12 22:42:44.1920	2026-09-12 22:43:00.1890
ALL_CALL_TIMELINE	8953	510	1368	1759	15	3	cmd_bd6510bf086849f596cf7febfa437752	2026-09-12 22:43:06.9820	2026-09-12 22:43:22.6480
ALL_CALL_TIMELINE	8954	510	1368	1759	15	3	cmd_6f925f54c7924eb78add1156fe4c169f	2026-09-12 22:43:22.9390	2026-09-12 22:43:38.3080
ALL_CALL_TIMELINE	8955	510	1368	1759	3	3	cmd_282ef07a11d84c27baf7ef5fe11d25de	2026-09-12 22:43:42.4860	2026-09-12 22:43:57.5920
ALL_CALL_TIMELINE	8969	510	1370	1759	11	3	cmd_cb077f89e45243a18952e5e9b91856ed	2026-09-12 22:44:04.7710	2026-09-12 22:44:19.9860
ALL_CALL_TIMELINE	8970	510	1370	1759	10	3	cmd_936ee25eebe9418f8813e8ad863f3492	2026-09-12 22:44:20.9980	2026-09-12 22:44:36.6710
ALL_CALL_TIMELINE	8971	510	1370	1759	10	3	cmd_0cf07aee420f437cac865b7adb7dd362	2026-09-12 22:44:37.1140	2026-09-12 22:44:52.2840
ALL_CALL_TIMELINE	8972	510	1370	1759	14	3	cmd_4687af4c18104165a670334d9220acc4	2026-09-12 22:44:52.1870	2026-09-12 22:45:08.1340
ALL_CALL_TIMELINE	8973	510	1370	1759	10	3	cmd_6902429cc84541a8bf7cebd479e9ae7f	2026-09-12 22:45:09.2210	2026-09-12 22:45:24.3300
ALL_CALL_TIMELINE	8974	510	1370	1759	14	3	cmd_5b91647abe324e649b3aaaf4d40cb3b4	2026-09-12 22:45:25.4110	2026-09-12 22:45:40.7800
ALL_CALL_TIMELINE	8975	510	1370	1759	15	3	cmd_0c4802f3a8904a06856b8a369dcbe088	2026-09-12 22:45:40.4670	2026-09-12 22:45:57.0030
ALL_CALL_TIMELINE	8976	510	1370	1759	14	3	cmd_346efc7da7c9446ab8201e24c8034557	2026-09-12 22:45:56.2150	2026-09-12 22:46:11.6040
ALL_CALL_TIMELINE	8977	510	1370	1759	11	3	cmd_f27e3bb6878a467499eaa3229af0b1a8	2026-09-12 22:46:11.8670	2026-09-12 22:46:28.2750
ALL_CALL_TIMELINE	8978	510	1370	1759	6	3	cmd_c46b56db3b564b24822e6aefaedec0ad	2026-09-12 22:46:27.9180	2026-09-12 22:46:43.1540
ALL_CALL_TIMELINE	8994	510	1372	1759	17	3	cmd_babd1bb99190477c8416a778b825cc85	2026-09-12 22:46:45.0650	2026-09-12 22:47:00.1200
ALL_CALL_TIMELINE	8995	510	1372	1759	10	3	cmd_6818405cc12d40029f0456ba8dabc2be	2026-09-12 22:47:02.5780	2026-09-12 22:47:18.2100
ALL_CALL_TIMELINE	8996	510	1372	1759	13	3	cmd_ec321255bd7b4e7d93881e4c257e4f81	2026-09-12 22:47:17.5980	2026-09-12 22:47:33.3960
ALL_CALL_TIMELINE	8997	510	1372	1759	12	3	cmd_97fdab460c7043ac8fb867270a47e72a	2026-09-12 22:47:33.5560	2026-09-12 22:47:49.1390
ALL_CALL_TIMELINE	8998	510	1372	1759	15	3	cmd_b6b0186f740341a9ba7eb2a270d30874	2026-09-12 22:47:48.9930	2026-09-12 22:48:04.8450
ALL_CALL_TIMELINE	8999	510	1372	1759	17	3	cmd_ece308c0346c4cfca49ff8a2c8f197d2	2026-09-12 22:48:04.1550	2026-09-12 22:48:19.9710
ALL_CALL_TIMELINE	9000	510	1372	1759	18	3	cmd_daeec60751ac46988ea6dc8052ddfad9	2026-09-12 22:48:19.8880	2026-09-12 22:48:38.3340
ALL_CALL_TIMELINE	9001	510	1372	1759	8	3	cmd_c42994fbcc394e008c99fdd71f0a6752	2026-09-12 22:48:36.4260	2026-09-12 22:48:53.1160
ALL_CALL_TIMELINE	9002	510	1373	1759	13	3	cmd_36400fcd1e594a3e9682d88debed7546	2026-09-12 22:49:14.8700	2026-09-12 22:49:32.1760
ALL_CALL_TIMELINE	9003	510	1373	1759	10	3	cmd_70c8624f8bb04428858cf6f4fc753a1b	2026-09-12 22:49:31.4690	2026-09-12 22:49:50.2060
ALL_CALL_TIMELINE	9004	510	1373	1759	11	3	cmd_c63a9f6ff9994379956a5f8af884964a	2026-09-12 22:49:49.4720	2026-09-12 22:50:05.0390
ALL_CALL_TIMELINE	9005	510	1373	1759	13	3	cmd_0ca741f9b6b34c8f95c7739542b44c71	2026-09-12 22:50:04.9110	2026-09-12 22:50:22.0740
ALL_CALL_TIMELINE	9006	510	1373	1759	12	3	cmd_05804cc9f24b4c3cb04a58e51dd480ef	2026-09-12 22:50:20.8300	2026-09-12 22:50:39.4890
ALL_CALL_TIMELINE	9007	510	1373	1759	12	3	cmd_737d802c85a74e85bd15e0db3dc0aa4d	2026-09-12 22:50:38.4580	2026-09-12 22:50:53.5900
ALL_CALL_TIMELINE	9008	510	1373	1759	19	3	cmd_a5425689f9ff4f37959969ae99790163	2026-09-12 22:50:53.9790	2026-09-12 22:51:09.2400
ALL_CALL_TIMELINE	9009	510	1373	1759	14	3	cmd_379e75a695314639bfcc448a773924ca	2026-09-12 22:51:09.1580	2026-09-12 22:51:25.9960
ALL_CALL_TIMELINE	9010	510	1373	1759	6	3	cmd_737c6b0c23c64674a6defdce4f58da0c	2026-09-12 22:51:24.3880	2026-09-12 22:51:40.1820
ALL_CALL_TIMELINE	9011	510	1374	1759	13	3	cmd_36999f4437a341e7b74712f03e73c24a	2026-09-12 22:51:43.5920	2026-09-12 22:51:58.6610
ALL_CALL_TIMELINE	9012	510	1374	1759	14	3	cmd_f8f71197a2cd4cedb95723ab7d67545a	2026-09-12 22:51:59.7580	2026-09-12 22:52:14.9290
ALL_CALL_TIMELINE	9013	510	1374	1759	20	3	cmd_0eaa1ebacba24b27a6a28cad979f8bf2	2026-09-12 22:52:15.8640	2026-09-12 22:52:32.9330
ALL_CALL_TIMELINE	9014	510	1374	1759	18	3	cmd_041b4c4dea89444f81fa5a8466f10e14	2026-09-12 22:52:32.2750	2026-09-12 22:52:45.6480
