section	id	tenant_id	task_type	mode	status	primary_stage	blocking_reason	group_count	expected_pull_count	started_at	last_business_at
TASK	208	1	STANDARD	NORMAL_LINK	EXECUTING	NULL	NULL	8	1608	2026-09-12 22:29:57.4240	NULL
section	tenant_id	task_id	auto_start	source_group_folder_id	source_group_folder_name	material_admin_timing	puller_sync_mode	is_clear_existing_members	is_puller_join_by_link	early_pull_count	early_pull_call_count	pull_count_min	pull_count_max	pull_interval_seconds	puller_count_per_group	station_count_per_call	initial_station_count	concurrent_group_count	puller_risk_minutes	required_manager_count	manager_group_id	puller_group_id	station_group_id	creator_group_id	creator_group_name	manager_finish_group_id	puller_finish_group_id	manager_group_name	puller_group_name	station_group_name	manager_finish_group_name	puller_finish_group_name	created_at	updated_at	is_creator_leave_after_pull
SETTING	1	208	1	47	9-12	2	1	0	1	1	2	10	20	15	2	0	0	10	0	1	146	210	NULL	NULL	NULL	NULL	NULL	8-12印度个人首次（拉群管理员）	9-12 印度全参拉手	NULL	NULL	NULL	1789223397398	1789223397424	0
section	id	seq	source_file_name	attempt_no	group_jid	execution_status	stage	manual_paused	valid_member_count	wait_resource_type	reason_code	reason_message	active_pull_wave_id	active_puller_group_account_id	puller_assignment_seq	started_at	finished_at	last_business_at	next_run_at	lock_owner	lock_expires_at	updated_at
EXECUTION	499	1	9-12AK01.txt	1	120363410867256845@g.us	5	6	0	201	NULL	GROUP_BANNED	群已被封禁	1358	3857	1	2026-09-12 22:29:57.4290	2026-09-12 22:31:56.1210	2026-09-12 22:31:49.7570	1970-01-01 08:00:00.0000	NULL	NULL	2026-09-12 22:31:56.1210
EXECUTION	509	1	9-12AK01.txt	2	120363425361762659@g.us	3	6	0	201	2	PULLER_UNAVAILABLE	当前没有可用拉手，缺口人数=2	1386	NULL	3	2026-09-12 22:31:59.3250	NULL	2026-09-12 23:02:40.5980	2026-09-12 23:04:06.3340	NULL	NULL	2026-09-12 23:03:36.3340
EXECUTION	500	2	9-12AK03.txt	1	120363427794081715@g.us	2	6	0	201	NULL	NULL	NULL	1365	3897	5	2026-09-12 22:29:57.4290	NULL	2026-09-12 22:37:27.1690	1970-01-01 08:00:00.0000	NULL	NULL	2026-09-12 23:03:49.4740
EXECUTION	501	3	9-12AK04.txt	1	120363405513650477@g.us	5	6	0	201	NULL	GROUP_BANNED	群已被封禁	1359	3867	1	2026-09-12 22:29:57.4290	2026-09-12 22:32:02.4260	2026-09-12 22:31:52.1540	1970-01-01 08:00:00.0000	NULL	NULL	2026-09-12 22:32:02.4260
EXECUTION	510	3	9-12AK04.txt	2	120363429739343624@g.us	3	6	0	201	2	PULLER_UNAVAILABLE	当前没有可用拉手，缺口人数=2	1374	NULL	1	2026-09-12 22:32:04.9920	NULL	2026-09-12 22:52:32.2750	2026-09-12 23:04:02.3840	NULL	NULL	2026-09-12 23:03:32.3840
EXECUTION	502	4	9-12AK06.txt	1	120363429211335715@g.us	5	6	0	201	NULL	GROUP_BANNED	群已被封禁	1356	3861	1	2026-09-12 22:29:57.4290	2026-09-12 22:31:39.4630	2026-09-12 22:31:26.3370	1970-01-01 08:00:00.0000	NULL	NULL	2026-09-12 22:31:39.4630
EXECUTION	507	4	9-12AK06.txt	2	120363411062985649@g.us	3	6	0	201	2	PULLER_UNAVAILABLE	当前没有可用拉手，缺口人数=2	1385	NULL	4	2026-09-12 22:31:49.7570	NULL	2026-09-12 23:01:56.9690	2026-09-12 23:03:52.2990	NULL	NULL	2026-09-12 23:03:22.2990
EXECUTION	503	5	9-12AK07.txt	1	NULL	6	2	0	201	NULL	NULL	NULL	NULL	NULL	0	2026-09-12 22:29:57.4290	2026-09-12 22:35:34.9520	2026-09-12 22:35:16.7110	1970-01-01 08:00:00.0000	NULL	NULL	2026-09-12 22:35:34.9520
EXECUTION	504	6	9-12AK08.txt	1	120363409426959276@g.us	5	6	0	201	NULL	GROUP_BANNED	群已被封禁	1357	3876	1	2026-09-12 22:29:57.4290	2026-09-12 22:31:46.9170	2026-09-12 22:31:36.2720	1970-01-01 08:00:00.0000	NULL	NULL	2026-09-12 22:31:46.9170
EXECUTION	508	6	9-12AK08.txt	2	120363412732858345@g.us	2	6	0	201	NULL	NULL	NULL	1367	3911	5	2026-09-12 22:31:49.7570	NULL	2026-09-12 22:39:21.8150	1970-01-01 08:00:00.0000	NULL	NULL	2026-09-12 23:03:49.4740
EXECUTION	505	7	9-12AK09.txt	1	NULL	3	2	0	201	1	MANAGER_UNAVAILABLE	当前没有可用管理员，缺口人数=1	NULL	NULL	0	2026-09-12 22:29:57.4290	NULL	2026-09-12 22:45:25.4110	2026-09-12 23:04:02.3840	NULL	NULL	2026-09-12 23:03:32.3840
EXECUTION	506	8	9-12AK10.txt	1	NULL	5	2	0	201	NULL	INVITE_INVALID	群邀请码无效	NULL	NULL	0	2026-09-12 22:29:57.4290	2026-09-12 22:30:32.3630	2026-09-12 22:30:32.3630	1970-01-01 08:00:00.0000	NULL	NULL	2026-09-12 22:30:32.3630
section	group_execution_id	pull_status	pull_reason_code	n	min_failures	max_failures	last_result
MATERIAL	500	2	OK	16	0	0	2026-09-12 22:33:19.2620
MATERIAL	500	2	NULL	80	0	0	2026-09-12 22:35:00.5600
MATERIAL	500	0	PROTOCOL_RESULT_UNCONFIRMED	4	0	0	2026-09-12 22:34:47.0680
MATERIAL	500	0	NULL	101	0	0	NULL
MATERIAL	508	2	NULL	3	0	0	2026-09-12 22:35:51.7300
MATERIAL	508	0	NULL	198	0	0	NULL
MATERIAL	505	0	NULL	201	0	0	NULL
MATERIAL	507	2	NULL	151	0	0	2026-09-12 22:58:35.5440
MATERIAL	507	0	PROTOCOL_RESULT_UNCONFIRMED	4	0	0	2026-09-12 22:54:11.2480
MATERIAL	507	0	PRIVACY_BLOCKED	1	1	1	2026-09-12 22:41:06.0980
MATERIAL	507	2	OK	2	0	0	2026-09-12 22:41:33.5340
MATERIAL	507	0	NULL	43	0	0	NULL
MATERIAL	509	2	NULL	183	0	0	2026-09-12 23:00:03.2060
MATERIAL	509	0	NULL	11	0	0	NULL
MATERIAL	509	0	PROTOCOL_RESULT_UNCONFIRMED	3	0	0	2026-09-12 22:56:25.9290
MATERIAL	509	2	OK	4	0	0	2026-09-12 22:48:30.1440
MATERIAL	510	2	OK	2	0	0	2026-09-12 22:33:18.1970
MATERIAL	510	2	NULL	86	0	0	2026-09-12 22:36:36.4170
MATERIAL	510	0	PROTOCOL_RESULT_UNCONFIRMED	68	0	0	2026-09-12 22:52:45.6480
MATERIAL	510	0	NULL	45	0	0	NULL
MATERIAL	499	2	OK	1	0	0	2026-09-12 22:31:54.8700
MATERIAL	499	5	NULL	200	0	0	2026-09-12 22:31:56.1210
MATERIAL	501	2	OK	1	0	0	2026-09-12 22:31:57.9250
MATERIAL	501	5	NULL	200	0	0	2026-09-12 22:32:02.4260
MATERIAL	502	2	OK	1	0	0	2026-09-12 22:31:38.0080
MATERIAL	502	5	NULL	200	0	0	2026-09-12 22:31:39.4630
MATERIAL	504	2	OK	1	0	0	2026-09-12 22:31:46.5190
MATERIAL	504	5	NULL	200	0	0	2026-09-12 22:31:46.9170
MATERIAL	506	0	NULL	201	0	0	NULL
MATERIAL	503	5	NULL	201	0	0	2026-09-12 22:35:34.9520
section	id	group_execution_id	wave_no	wave_type	wave_status	planned_call_count	next_call_seq	next_dispatch_at	dispatch_completed_at	settled_at	created_at	updated_at
WAVE	1358	499	1	1	4	16	2	2026-09-12 22:32:04.7570	NULL	NULL	2026-09-12 22:31:49.7570	2026-09-12 22:31:56.1210
WAVE	1360	500	1	1	3	16	17	2026-09-12 22:37:42.1690	2026-09-12 22:37:27.1690	2026-09-12 22:38:27.0970	2026-09-12 22:32:38.5160	2026-09-12 22:38:27.0970
WAVE	1365	500	2	2	1	8	1	2026-09-12 22:38:27.0970	NULL	NULL	2026-09-12 22:38:27.0970	2026-09-12 22:38:27.0970
WAVE	1359	501	1	1	4	16	2	2026-09-12 22:32:07.1540	NULL	NULL	2026-09-12 22:31:52.1540	2026-09-12 22:32:02.4260
WAVE	1356	502	1	1	4	17	2	2026-09-12 22:31:41.3370	NULL	NULL	2026-09-12 22:31:26.3370	2026-09-12 22:31:39.4630
WAVE	1357	504	1	1	4	15	2	2026-09-12 22:31:51.2720	NULL	NULL	2026-09-12 22:31:36.2720	2026-09-12 22:31:46.9170
WAVE	1362	507	1	1	3	16	17	2026-09-12 22:38:42.0970	2026-09-12 22:38:27.0970	2026-09-12 22:39:33.6000	2026-09-12 22:33:35.9110	2026-09-12 22:39:33.6000
WAVE	1366	507	2	2	3	10	11	2026-09-12 22:40:04.2970	2026-09-12 22:43:42.4860	2026-09-12 22:55:16.8170	2026-09-12 22:39:33.6000	2026-09-12 22:55:16.8170
WAVE	1375	507	3	2	3	4	5	2026-09-12 22:56:25.5700	2026-09-12 22:56:10.5700	2026-09-12 22:56:32.5160	2026-09-12 22:55:16.8170	2026-09-12 22:56:32.5160
WAVE	1376	507	4	2	3	3	4	2026-09-12 22:57:11.2480	2026-09-12 22:57:11.0130	2026-09-12 22:57:33.2570	2026-09-12 22:56:32.5160	2026-09-12 22:57:33.2570
WAVE	1377	507	5	2	3	4	5	2026-09-12 22:58:30.6200	2026-09-12 22:58:30.6210	2026-09-12 22:58:53.8210	2026-09-12 22:57:33.2570	2026-09-12 22:58:53.8210
WAVE	1379	507	6	2	3	3	4	2026-09-12 22:59:34.9100	2026-09-12 22:59:35.4440	2026-09-12 22:59:55.5190	2026-09-12 22:58:53.8210	2026-09-12 22:59:55.5190
WAVE	1381	507	7	2	3	4	5	2026-09-12 23:00:46.7350	2026-09-12 23:00:47.3030	2026-09-12 23:01:04.7730	2026-09-12 22:59:55.5190	2026-09-12 23:01:04.7730
WAVE	1383	507	8	2	3	4	5	2026-09-12 23:01:54.9290	2026-09-12 23:01:56.9690	2026-09-12 23:03:18.7580	2026-09-12 23:01:04.7730	2026-09-12 23:03:18.7580
WAVE	1385	507	9	2	1	3	1	2026-09-12 23:03:18.7580	NULL	NULL	2026-09-12 23:03:18.7580	2026-09-12 23:03:18.7580
WAVE	1363	508	1	1	3	15	16	2026-09-12 22:39:28.0310	2026-09-12 22:39:21.8150	2026-09-12 22:40:19.6440	2026-09-12 22:34:42.8910	2026-09-12 22:40:19.6440
WAVE	1367	508	2	2	1	13	1	2026-09-12 22:40:19.6440	NULL	NULL	2026-09-12 22:40:19.6440	2026-09-12 22:40:19.6440
WAVE	1364	509	1	1	3	17	18	2026-09-12 22:41:16.2490	2026-09-12 22:41:01.2490	2026-09-12 22:41:18.1020	2026-09-12 22:35:16.7110	2026-09-12 22:41:18.1020
WAVE	1369	509	2	2	3	13	14	2026-09-12 22:45:40.4110	2026-09-12 22:45:25.4110	2026-09-12 22:45:41.6490	2026-09-12 22:41:18.1020	2026-09-12 22:45:41.6490
WAVE	1371	509	3	2	3	15	16	2026-09-12 22:46:03.0560	2026-09-12 22:49:31.4690	2026-09-12 22:58:02.3690	2026-09-12 22:45:41.6490	2026-09-12 22:58:02.3690
WAVE	1378	509	4	2	3	3	4	2026-09-12 22:58:46.8210	2026-09-12 22:58:48.3910	2026-09-12 22:59:13.3520	2026-09-12 22:58:02.3690	2026-09-12 22:59:13.3520
WAVE	1380	509	5	2	3	4	5	2026-09-12 23:00:57.7780	2026-09-12 23:00:42.7780	2026-09-12 23:01:00.4040	2026-09-12 22:59:13.3520	2026-09-12 23:01:00.4040
WAVE	1382	509	6	2	3	3	4	2026-09-12 23:01:34.6400	2026-09-12 23:01:34.8940	2026-09-12 23:01:51.2780	2026-09-12 23:01:00.4040	2026-09-12 23:01:51.2780
WAVE	1384	509	7	2	3	4	5	2026-09-12 23:02:03.9740	2026-09-12 23:02:40.5980	2026-09-12 23:03:32.3840	2026-09-12 23:01:51.2780	2026-09-12 23:03:32.3840
WAVE	1386	509	8	2	1	2	1	2026-09-12 23:03:32.3840	NULL	NULL	2026-09-12 23:03:32.3840	2026-09-12 23:03:32.3840
WAVE	1361	510	1	1	3	17	18	2026-09-12 22:37:15.9670	2026-09-12 22:38:03.9980	2026-09-12 22:40:19.6440	2026-09-12 22:32:57.9080	2026-09-12 22:40:19.6440
WAVE	1368	510	2	2	3	9	10	2026-09-12 22:43:57.4860	2026-09-12 22:43:42.4860	2026-09-12 22:43:58.6390	2026-09-12 22:40:19.6440	2026-09-12 22:43:58.6390
WAVE	1370	510	3	2	3	10	11	2026-09-12 22:46:28.2750	2026-09-12 22:46:27.9180	2026-09-12 22:46:43.5610	2026-09-12 22:43:58.6390	2026-09-12 22:46:43.5610
WAVE	1372	510	4	2	3	8	9	2026-09-12 22:48:38.3340	2026-09-12 22:48:36.4260	2026-09-12 22:48:59.2070	2026-09-12 22:46:43.5610	2026-09-12 22:48:59.2070
WAVE	1373	510	5	2	3	9	10	2026-09-12 22:51:25.9960	2026-09-12 22:51:24.3880	2026-09-12 22:51:42.1280	2026-09-12 22:48:59.2070	2026-09-12 22:51:42.1280
WAVE	1374	510	6	2	1	8	5	2026-09-12 22:52:47.2750	NULL	NULL	2026-09-12 22:51:42.1280	2026-09-12 22:52:32.2750
section	group_execution_id	puller_account_id	call_status	reason_code	n	materials	avg_result_seconds	max_result_seconds	first_submit	last_submit
CALL_SUMMARY	502	1504	3	NULL	1	1	11.67	11.6710	2026-09-12 22:31:26.3370	2026-09-12 22:31:26.3370
CALL_SUMMARY	502	NULL	5	NULL	16	200	NULL	NULL	NULL	NULL
CALL_SUMMARY	504	1759	3	NULL	1	1	10.25	10.2470	2026-09-12 22:31:36.2720	2026-09-12 22:31:36.2720
CALL_SUMMARY	504	NULL	5	NULL	14	200	NULL	NULL	NULL	NULL
CALL_SUMMARY	499	1456	3	NULL	1	1	5.11	5.1130	2026-09-12 22:31:49.7570	2026-09-12 22:31:49.7570
CALL_SUMMARY	499	NULL	5	NULL	15	200	NULL	NULL	NULL	NULL
CALL_SUMMARY	501	1516	3	NULL	1	1	5.77	5.7710	2026-09-12 22:31:52.1540	2026-09-12 22:31:52.1540
CALL_SUMMARY	501	NULL	5	NULL	15	200	NULL	NULL	NULL	NULL
CALL_SUMMARY	500	1778	3	NULL	11	138	13.41	23.7410	2026-09-12 22:32:38.5160	2026-09-12 22:36:03.3090
CALL_SUMMARY	500	1504	3	NULL	5	63	39.25	61.5600	2026-09-12 22:36:20.7980	2026-09-12 22:37:27.1690
CALL_SUMMARY	510	1759	3	NULL	57	716	19.81	84.0330	2026-09-12 22:32:57.9080	2026-09-12 22:52:32.2750
CALL_SUMMARY	507	1456	3	NULL	34	420	20.92	80.9440	2026-09-12 22:33:35.9110	2026-09-12 23:01:56.9690
CALL_SUMMARY	507	1476	3	NULL	14	215	125.81	753.2250	2026-09-12 22:37:27.1690	2026-09-12 22:43:42.4860
CALL_SUMMARY	508	1513	3	NULL	15	201	38.17	84.0330	2026-09-12 22:34:42.8910	2026-09-12 22:39:21.8150
CALL_SUMMARY	509	1756	3	NULL	45	587	95.98	531.9570	2026-09-12 22:35:16.7110	2026-09-12 22:49:31.4690
CALL_SUMMARY	500	1504	1	NULL	1	13	NULL	NULL	NULL	NULL
CALL_SUMMARY	500	NULL	1	NULL	7	89	NULL	NULL	NULL	NULL
CALL_SUMMARY	508	1513	1	NULL	1	13	NULL	NULL	NULL	NULL
CALL_SUMMARY	508	NULL	1	NULL	12	186	NULL	NULL	NULL	NULL
CALL_SUMMARY	510	NULL	1	NULL	4	45	NULL	NULL	NULL	NULL
CALL_SUMMARY	509	1757	3	NULL	14	208	14.83	17.1710	2026-09-12 22:58:15.3460	2026-09-12 23:02:40.5980
CALL_SUMMARY	507	NULL	1	NULL	3	43	NULL	NULL	NULL	NULL
CALL_SUMMARY	509	NULL	1	NULL	2	11	NULL	NULL	NULL	NULL
section	id	group_execution_id	account_id	role_type	role_seq	membership_status	membership_reason_code	admin_status	availability_status	unavailable_reason_code	cooldown_until	joined_at	released_at	updated_at	protocol_id
ROLE	3844	499	162	1	1	2		3	1	NULL	NULL	2026-09-12 22:29:59.2470	NULL	2026-09-12 22:30:05.7400	WEB
ROLE	3857	499	1456	2	1	2		0	1	NULL	NULL	2026-09-12 22:31:19.1550	2026-09-12 22:31:56.1210	2026-09-12 22:31:56.1210	WEB
ROLE	3858	499	1476	2	2	2		0	1	NULL	NULL	2026-09-12 22:31:29.2310	2026-09-12 22:31:56.1210	2026-09-12 22:31:56.1210	WEB
ROLE	3852	499	1645	4	1	2	NULL	3	1	NULL	NULL	NULL	NULL	2026-09-12 22:30:03.9040	ANDROID
ROLE	3845	500	196	1	1	2		3	1	NULL	NULL	2026-09-12 22:30:01.2410	NULL	2026-09-12 22:30:41.5540	WEB
ROLE	3885	500	1778	2	9	2	NULL	0	1	NULL	NULL	2026-09-12 22:32:23.5180	NULL	2026-09-12 23:00:09.9740	ANDROID
ROLE	3886	500	1782	2	10	0	NULL	0	3	ACCOUNT_NOT_ONLINE	NULL	NULL	NULL	2026-09-12 22:31:34.7160	ANDROID
ROLE	3897	500	1504	2	13	2		0	1	NULL	NULL	2026-09-12 22:32:32.0860	NULL	2026-09-12 22:56:32.5160	WEB
ROLE	3853	500	1629	4	1	2	NULL	3	1	NULL	NULL	NULL	NULL	2026-09-12 22:30:05.5970	ANDROID
ROLE	3846	501	199	1	1	2		3	1	NULL	NULL	2026-09-12 22:30:00.9540	NULL	2026-09-12 22:30:13.3490	WEB
ROLE	3867	501	1516	2	5	2		0	1	NULL	NULL	2026-09-12 22:31:31.6850	2026-09-12 22:32:02.4260	2026-09-12 22:32:02.4260	WEB
ROLE	3868	501	1756	2	6	2	NULL	0	1	NULL	NULL	2026-09-12 22:31:38.4350	2026-09-12 22:32:02.4260	2026-09-12 22:32:02.4260	ANDROID
ROLE	3856	501	1756	4	1	2	NULL	3	1	NULL	NULL	NULL	NULL	2026-09-12 22:30:09.8690	ANDROID
ROLE	3847	502	171	1	1	2		3	1	NULL	NULL	2026-09-12 22:30:02.0120	NULL	2026-09-12 22:30:08.8300	WEB
ROLE	3861	502	1504	2	3	2		0	1	NULL	NULL	2026-09-12 22:31:12.2130	2026-09-12 22:31:39.4630	2026-09-12 22:31:39.4630	WEB
ROLE	3862	502	1513	2	4	2		0	1	NULL	NULL	2026-09-12 22:31:16.1840	2026-09-12 22:31:39.4630	2026-09-12 22:31:39.4630	WEB
ROLE	3854	502	1645	4	1	2	NULL	3	1	NULL	NULL	NULL	NULL	2026-09-12 22:30:05.5970	ANDROID
ROLE	3848	503	187	1	1	4	TEMPORARY_FAILURE	1	1	NULL	NULL	NULL	NULL	2026-09-12 22:35:16.7110	WEB
ROLE	3849	504	180	1	1	2		3	1	NULL	NULL	2026-09-12 22:30:01.9500	NULL	2026-09-12 22:30:10.3610	WEB
ROLE	3875	504	1757	2	7	0	NULL	0	1	NULL	NULL	NULL	2026-09-12 22:31:46.9170	2026-09-12 22:40:19.6440	ANDROID
ROLE	3876	504	1759	2	8	2	NULL	0	1	NULL	NULL	2026-09-12 22:31:16.6960	2026-09-12 22:31:46.9170	2026-09-12 22:31:46.9170	ANDROID
ROLE	3855	504	1637	4	1	2	NULL	3	1	NULL	NULL	NULL	NULL	2026-09-12 22:30:05.5970	ANDROID
ROLE	3850	505	169	1	1	3	GROUP_JOIN_UNKNOWN	1	1	NULL	NULL	NULL	NULL	2026-09-12 22:45:30.2050	WEB
ROLE	3851	506	159	1	1	3	INVITE_INVALID	1	1	NULL	NULL	NULL	NULL	2026-09-12 22:30:32.3630	WEB
ROLE	3898	507	162	1	1	2		3	1	NULL	NULL	2026-09-12 22:31:56.7540	NULL	2026-09-12 22:32:06.9510	WEB
ROLE	3906	507	1456	2	1	2		0	1	NULL	NULL	2026-09-12 22:33:14.5770	NULL	2026-09-12 22:53:23.8960	WEB
ROLE	3907	507	1476	2	2	2		0	1	NULL	NULL	2026-09-12 22:33:18.9200	NULL	2026-09-12 22:40:19.6440	WEB
ROLE	3901	507	1559	4	1	2	NULL	3	1	NULL	NULL	NULL	NULL	2026-09-12 22:32:04.9920	ANDROID
ROLE	3899	508	187	1	1	2		3	1	NULL	NULL	2026-09-12 22:31:56.8940	NULL	2026-09-12 22:32:09.8520	WEB
ROLE	3911	508	1513	2	4	2		0	1	NULL	NULL	2026-09-12 22:33:20.1600	NULL	2026-09-12 22:52:53.2240	WEB
ROLE	3912	508	1516	2	5	2		0	1	NULL	NULL	2026-09-12 22:34:13.3540	NULL	2026-09-12 22:57:02.9700	WEB
ROLE	3902	508	1559	4	1	2	NULL	3	1	NULL	NULL	NULL	NULL	2026-09-12 22:32:04.9920	ANDROID
ROLE	3900	509	199	1	1	2		3	1	NULL	NULL	2026-09-12 22:32:03.6280	NULL	2026-09-12 22:32:13.1020	WEB
ROLE	3918	509	1756	2	6	2	NULL	0	3	ACCOUNT_NOT_ONLINE	NULL	2026-09-12 22:33:18.8880	NULL	2026-09-12 22:53:01.1890	ANDROID
ROLE	3919	509	1757	2	7	2	NULL	0	1	NULL	NULL	2026-09-12 22:34:10.2290	NULL	2026-09-12 23:00:21.5970	ANDROID
ROLE	3904	509	1559	4	1	2	NULL	3	1	NULL	NULL	NULL	NULL	2026-09-12 22:32:10.4920	ANDROID
ROLE	3903	510	178	1	1	2		3	1	NULL	NULL	2026-09-12 22:32:07.4210	NULL	2026-09-12 22:32:18.3220	WEB
ROLE	3927	510	1759	2	8	2	NULL	0	3	ACCOUNT_NOT_ONLINE	NULL	2026-09-12 22:32:53.6590	NULL	2026-09-12 22:52:44.2800	ANDROID
ROLE	3905	510	1559	4	1	2	NULL	3	1	NULL	NULL	NULL	NULL	2026-09-12 22:32:16.3280	ANDROID
section	group_execution_id	purpose	protocol_backend	query_status	error_code	n	max_attempts	avg_seconds	last_requested	last_completed
QUERY_SUMMARY	500	UNKNOWN_RESULT_RECONCILIATION	ANDROID	2	NULL	1	1	2.51	2026-09-12 22:30:11.8130	2026-09-12 22:30:14.3210
QUERY_SUMMARY	500	MANAGER_ADMIN_MEMBERSHIP	ANDROID	2	NULL	1	1	0.95	2026-09-12 22:30:37.5290	2026-09-12 22:30:38.4810
section	group_execution_id	action_type	action_status	reason_code	n	last_submitted	last_result
ACTION_SUMMARY	499	3	3		3	2026-09-12 22:31:26.3370	2026-09-12 22:31:29.2310
ACTION_SUMMARY	500	3	3		2	2026-09-12 22:32:28.6220	2026-09-12 22:32:32.0860
ACTION_SUMMARY	501	3	3		2	2026-09-12 22:31:26.3370	2026-09-12 22:31:31.6850
ACTION_SUMMARY	502	3	3		3	2026-09-12 22:31:13.3920	2026-09-12 22:31:16.1840
ACTION_SUMMARY	503	3	5	MANAGER_MEMBERSHIP_UNCONFIRMED	1	2026-09-12 22:35:16.7110	2026-09-12 22:35:16.7110
ACTION_SUMMARY	504	3	3		1	2026-09-12 22:29:57.4290	2026-09-12 22:30:01.9500
ACTION_SUMMARY	505	3	4	ACCOUNT_NOT_FOUND	1	2026-09-12 22:45:25.4110	2026-09-12 22:45:25.4110
ACTION_SUMMARY	506	3	4	INVITE_INVALID	1	2026-09-12 22:30:32.3630	2026-09-12 22:30:32.3630
ACTION_SUMMARY	499	4	3	OK	1	2026-09-12 22:30:03.9040	2026-09-12 22:30:05.7400
ACTION_SUMMARY	500	4	3	OK	1	2026-09-12 22:30:40.0660	2026-09-12 22:30:41.5540
ACTION_SUMMARY	502	4	3	OK	1	2026-09-12 22:30:05.5970	2026-09-12 22:30:08.8300
ACTION_SUMMARY	504	4	3	OK	1	2026-09-12 22:30:05.5970	2026-09-12 22:30:10.3610
ACTION_SUMMARY	501	4	3	OK	1	2026-09-12 22:30:09.8690	2026-09-12 22:30:13.3490
ACTION_SUMMARY	499	5	3	NULL	1	2026-09-12 22:30:12.1940	2026-09-12 22:30:15.5120
ACTION_SUMMARY	502	5	3	NULL	1	2026-09-12 22:30:17.8220	2026-09-12 22:30:20.1710
ACTION_SUMMARY	499	6	3	NULL	1	2026-09-12 22:30:15.5120	2026-09-12 22:30:22.5000
ACTION_SUMMARY	502	6	3	NULL	1	2026-09-12 22:30:20.1710	2026-09-12 22:30:24.4750
ACTION_SUMMARY	499	1	3		4	2026-09-12 22:31:02.1810	2026-09-12 22:31:10.1660
ACTION_SUMMARY	501	5	3	NULL	1	2026-09-12 22:30:21.1640	2026-09-12 22:30:23.9220
ACTION_SUMMARY	502	1	3		3	2026-09-12 22:30:57.4420	2026-09-12 22:31:01.3900
ACTION_SUMMARY	502	1	4	ACCOUNT_NOT_ONLINE	1	2026-09-12 22:30:50.4310	2026-09-12 22:30:53.7120
ACTION_SUMMARY	504	5	3	NULL	1	2026-09-12 22:30:21.1640	2026-09-12 22:30:24.3630
ACTION_SUMMARY	501	6	3	NULL	1	2026-09-12 22:30:23.9220	2026-09-12 22:30:32.4870
ACTION_SUMMARY	501	1	3		3	2026-09-12 22:31:02.1810	2026-09-12 22:31:09.2350
ACTION_SUMMARY	501	1	4	APP_STATE_NOT_READY	1	2026-09-12 22:31:16.5660	2026-09-12 22:31:20.0660
ACTION_SUMMARY	504	6	3	NULL	1	2026-09-12 22:30:24.3630	2026-09-12 22:30:33.3270
ACTION_SUMMARY	504	1	3		1	2026-09-12 22:30:25.3100	2026-09-12 22:30:39.5940
ACTION_SUMMARY	504	1	4	APP_STATE_NOT_READY	2	2026-09-12 22:31:03.3100	2026-09-12 22:31:05.3630
ACTION_SUMMARY	504	1	4	TEMPORARY_FAILURE	1	2026-09-12 22:30:56.2840	2026-09-12 22:30:57.9570
ACTION_SUMMARY	500	5	3	NULL	1	2026-09-12 22:30:44.9450	2026-09-12 22:30:55.2780
ACTION_SUMMARY	500	6	3	NULL	1	2026-09-12 22:30:55.2780	2026-09-12 22:30:59.7020
ACTION_SUMMARY	500	1	3		4	2026-09-12 22:32:10.4920	2026-09-12 22:32:15.2140
ACTION_SUMMARY	500	1	4	APP_STATE_NOT_READY	1	2026-09-12 22:31:13.3920	2026-09-12 22:31:15.4470
ACTION_SUMMARY	500	1	4	ACCOUNT_UNAVAILABLE	1	2026-09-12 22:31:49.7570	2026-09-12 22:31:49.7570
ACTION_SUMMARY	504	3	3	NULL	1	2026-09-12 22:31:13.3920	2026-09-12 22:31:16.6960
ACTION_SUMMARY	501	3	3	NULL	1	2026-09-12 22:31:36.2720	2026-09-12 22:31:38.4350
ACTION_SUMMARY	507	3	3		3	2026-09-12 22:33:16.2230	2026-09-12 22:33:18.9200
ACTION_SUMMARY	508	3	3		3	2026-09-12 22:33:55.4280	2026-09-12 22:34:13.3540
ACTION_SUMMARY	509	3	3		1	2026-09-12 22:31:59.3250	2026-09-12 22:32:03.6280
ACTION_SUMMARY	507	4	3	OK	1	2026-09-12 22:32:04.9920	2026-09-12 22:32:06.9510
ACTION_SUMMARY	508	4	3	OK	1	2026-09-12 22:32:04.9920	2026-09-12 22:32:09.8520
ACTION_SUMMARY	510	3	3		1	2026-09-12 22:32:04.9920	2026-09-12 22:32:07.4210
ACTION_SUMMARY	509	4	3	OK	1	2026-09-12 22:32:10.4920	2026-09-12 22:32:13.1020
ACTION_SUMMARY	507	5	3	NULL	1	2026-09-12 22:32:11.8910	2026-09-12 22:32:16.6670
ACTION_SUMMARY	508	5	3	NULL	1	2026-09-12 22:32:16.3280	2026-09-12 22:32:17.7970
ACTION_SUMMARY	510	4	3	OK	1	2026-09-12 22:32:16.3280	2026-09-12 22:32:18.3220
ACTION_SUMMARY	507	6	3	NULL	1	2026-09-12 22:32:16.6670	2026-09-12 22:32:18.8990
ACTION_SUMMARY	508	6	3	NULL	1	2026-09-12 22:32:17.7970	2026-09-12 22:32:20.2420
ACTION_SUMMARY	507	1	3		4	2026-09-12 22:32:56.6610	2026-09-12 22:33:05.6790
ACTION_SUMMARY	500	3	3	NULL	1	2026-09-12 22:32:21.2410	2026-09-12 22:32:23.5180
ACTION_SUMMARY	508	1	3		4	2026-09-12 22:33:04.3590	2026-09-12 22:33:12.3200
ACTION_SUMMARY	509	5	3	NULL	1	2026-09-12 22:32:21.2410	2026-09-12 22:32:25.9530
ACTION_SUMMARY	510	5	3	NULL	1	2026-09-12 22:32:22.3830	2026-09-12 22:32:31.6040
ACTION_SUMMARY	509	6	3	NULL	1	2026-09-12 22:32:25.9530	2026-09-12 22:32:31.2330
ACTION_SUMMARY	509	1	3		2	2026-09-12 22:32:52.1790	2026-09-12 22:33:00.9780
ACTION_SUMMARY	509	1	4	APP_STATE_NOT_READY	2	2026-09-12 22:33:05.4640	2026-09-12 22:33:10.7820
ACTION_SUMMARY	510	6	3	NULL	1	2026-09-12 22:32:31.6040	2026-09-12 22:32:33.6480
ACTION_SUMMARY	510	1	3		1	2026-09-12 22:32:31.9450	2026-09-12 22:32:41.0920
ACTION_SUMMARY	510	1	4	APP_STATE_NOT_READY	1	2026-09-12 22:32:46.1330	2026-09-12 22:32:47.1630
ACTION_SUMMARY	510	3	3	NULL	1	2026-09-12 22:32:52.1790	2026-09-12 22:32:53.6590
ACTION_SUMMARY	509	3	3	NULL	2	2026-09-12 22:33:55.4280	2026-09-12 22:34:10.2290
