section	id	protocol_id	account_state	login_state	risk_status	mute_status	restriction_reason_code	block_error_code	block_reason	pulling_restriction_until	cooldown_until	updated_at
ACCOUNT	159	WEB	2	3	NULL	NULL	NULL	NULL	NULL	NULL	NULL	2026-09-12 23:05:52.9640
ACCOUNT	162	WEB	2	1	NULL	NULL	NULL	NULL	NULL	NULL	NULL	2026-09-12 22:55:12.0620
ACCOUNT	169	WEB	2	1	NULL	NULL	NULL	NULL	NULL	NULL	NULL	2026-09-12 23:01:15.6680
ACCOUNT	171	WEB	2	3	NULL	NULL	NULL	NULL	NULL	NULL	NULL	2026-09-12 23:05:40.9130
ACCOUNT	178	WEB	2	1	NULL	NULL	NULL	NULL	NULL	NULL	NULL	2026-09-12 23:04:40.8640
ACCOUNT	180	WEB	2	1	NULL	NULL	NULL	NULL	NULL	NULL	NULL	2026-09-12 22:56:59.4060
ACCOUNT	187	WEB	2	1	NULL	NULL	NULL	NULL	NULL	NULL	NULL	2026-09-12 23:04:46.1950
ACCOUNT	196	WEB	2	1	NULL	NULL	NULL	NULL	NULL	NULL	NULL	2026-09-12 23:05:03.7960
ACCOUNT	199	WEB	2	1	NULL	NULL	NULL	NULL	NULL	NULL	NULL	2026-09-12 22:55:43.6510
ACCOUNT	1456	WEB	2	1	NULL	2	RATE_LIMITED	NULL	NULL	2026-09-13 23:02:05.3160	2026-09-13 23:02:05.3160	2026-09-12 23:03:18.0020
ACCOUNT	1476	WEB	2	1	NULL	2	RATE_LIMITED	NULL	NULL	2026-09-13 22:43:44.2710	2026-09-13 22:43:44.2710	2026-09-12 22:55:15.9180
ACCOUNT	1504	WEB	2	1	NULL	NULL	NULL	NULL	NULL	NULL	NULL	2026-09-12 22:56:06.7460
ACCOUNT	1513	WEB	2	3	NULL	NULL	NULL	NULL	NULL	NULL	NULL	2026-09-12 23:05:40.8840
ACCOUNT	1516	WEB	2	1	NULL	NULL	NULL	NULL	NULL	NULL	NULL	2026-09-12 22:56:58.6640
ACCOUNT	1756	ANDROID	6	2	NULL	2	RATE_LIMITED	NULL	NULL	2026-09-13 22:49:44.8680	2026-09-13 22:49:44.8680	2026-09-12 22:58:03.4630
ACCOUNT	1757	ANDROID	2	1	NULL	2	RATE_LIMITED	NULL	NULL	2026-09-13 23:02:57.7690	2026-09-13 23:02:57.7690	2026-09-12 23:03:31.4820
ACCOUNT	1759	ANDROID	6	2	NULL	NULL	NULL	NULL	NULL	NULL	NULL	2026-09-12 22:52:45.3660
ACCOUNT	1778	ANDROID	2	1	NULL	NULL	NULL	NULL	NULL	NULL	NULL	2026-09-12 23:05:39.2010
ACCOUNT	1782	ANDROID	6	2	NULL	NULL	NULL	NULL	NULL	NULL	NULL	2026-09-12 22:31:35.7230
section	group_execution_id	puller_group_account_id	lifecycle_status	protocol_outcome	execution_state	reason_code	n	min_attempt_no	max_attempt_no	example_reason	last_result
ATTEMPT	502	3861	3	SUCCESS	STARTED	OK	1	1	1	入群成功	2026-09-12 22:31:38.0080
ATTEMPT	502	NULL	5	NULL	NOT_STARTED	LIFECYCLE_CANCELED	200	1	1	任务或执行行已结束，未发出的拉人操作已取消	2026-09-12 22:31:39.4630
ATTEMPT	504	3876	3	SUCCESS	STARTED	OK	1	1	1	入群成功	2026-09-12 22:31:46.5190
ATTEMPT	504	NULL	5	NULL	NOT_STARTED	LIFECYCLE_CANCELED	200	1	1	任务或执行行已结束，未发出的拉人操作已取消	2026-09-12 22:31:46.9170
ATTEMPT	499	3857	3	SUCCESS	STARTED	OK	1	1	1	入群成功	2026-09-12 22:31:54.8700
ATTEMPT	499	NULL	5	NULL	NOT_STARTED	LIFECYCLE_CANCELED	200	1	1	任务或执行行已结束，未发出的拉人操作已取消	2026-09-12 22:31:56.1210
ATTEMPT	501	3867	3	SUCCESS	STARTED	OK	1	1	1	入群成功	2026-09-12 22:31:57.9250
ATTEMPT	501	NULL	5	NULL	NOT_STARTED	LIFECYCLE_CANCELED	200	1	1	任务或执行行已结束，未发出的拉人操作已取消	2026-09-12 22:32:02.4260
ATTEMPT	500	3885	3	SUCCESS	STARTED	OK	96	1	1	入群成功	2026-09-12 22:35:00.5600
ATTEMPT	500	3885	3	FAILED	STARTED	PRIVACY_BLOCKED	4	1	1	目标号码隐私设置限制入群	2026-09-12 22:34:40.7790
ATTEMPT	500	3885	4	UNKNOWN	UNCERTAIN	PROTOCOL_RESULT_UNCONFIRMED	38	1	1	结果未知，等待按配置间隔重试	2026-09-12 22:36:27.0500
ATTEMPT	500	3897	3	FAILED	STARTED	PRIVACY_BLOCKED	2	1	1	目标号码隐私设置限制入群	2026-09-12 22:37:16.8730
ATTEMPT	500	3897	4	UNKNOWN	UNCERTAIN	PROTOCOL_RESULT_UNCONFIRMED	61	1	1	结果未知，等待按配置间隔重试	2026-09-12 22:38:12.7340
ATTEMPT	510	3927	3	SUCCESS	STARTED	OK	88	1	1	入群成功	2026-09-12 22:36:36.4170
ATTEMPT	510	3927	3	FAILED	STARTED	PRIVACY_BLOCKED	6	1	1	目标号码隐私设置限制入群	2026-09-12 22:36:36.4170
ATTEMPT	510	3927	4	UNKNOWN	UNCERTAIN	PROTOCOL_RESULT_UNCONFIRMED	622	1	6	结果未知，等待按配置间隔重试	2026-09-12 22:52:45.6480
ATTEMPT	507	3906	3	SUCCESS	STARTED	OK	90	1	5	入群成功	2026-09-12 22:58:35.5440
ATTEMPT	507	3906	3	FAILED	STARTED	PRIVACY_BLOCKED	8	1	5	目标号码隐私设置限制入群	2026-09-12 22:58:35.5440
ATTEMPT	507	3906	4	UNKNOWN	UNCERTAIN	PROTOCOL_RESULT_UNCONFIRMED	318	1	8	结果未知，等待按配置间隔重试	2026-09-12 23:03:17.9130
ATTEMPT	507	3907	3	SUCCESS	STARTED	OK	62	1	2	入群成功	2026-09-12 22:41:33.5340
ATTEMPT	507	3907	3	FAILED	STARTED	PRIVACY_BLOCKED	6	1	2	目标号码隐私设置限制入群	2026-09-12 22:41:33.5340
ATTEMPT	508	3911	3	SUCCESS	STARTED	OK	3	1	1	入群成功	2026-09-12 22:35:51.7300
ATTEMPT	508	3911	4	UNKNOWN	UNCERTAIN	PROTOCOL_RESULT_UNCONFIRMED	194	1	1	结果未知，等待按配置间隔重试	2026-09-12 22:40:19.3100
ATTEMPT	508	3911	3	FAILED	STARTED	PRIVACY_BLOCKED	4	1	1	目标号码隐私设置限制入群	2026-09-12 22:38:11.0940
ATTEMPT	509	3918	3	SUCCESS	STARTED	OK	146	1	3	入群成功	2026-09-12 22:49:00.6450
ATTEMPT	509	3918	3	FAILED	STARTED	PRIVACY_BLOCKED	7	1	3	目标号码隐私设置限制入群	2026-09-12 22:49:00.6450
ATTEMPT	509	3918	4	UNKNOWN	UNCERTAIN	PROTOCOL_RESULT_UNCONFIRMED	335	1	3	结果未知，等待按配置间隔重试	2026-09-12 22:56:25.9290
ATTEMPT	500	3897	1	NULL	NULL	NULL	13	2	2	NULL	NULL
ATTEMPT	500	NULL	1	NULL	NULL	NULL	89	2	2	NULL	NULL
ATTEMPT	507	3907	3	SUCCESS	STARTED	ALREADY_IN	39	2	2	目标号码已在群内	2026-09-12 22:41:33.5340
ATTEMPT	507	3907	3	FAILED	STARTED	TIMEOUT	1	2	2	成员入群操作超时	2026-09-12 22:41:06.0980
ATTEMPT	507	3907	4	UNKNOWN	UNCERTAIN	PROTOCOL_RESULT_UNCONFIRMED	46	2	2	结果未知，等待按配置间隔重试	2026-09-12 22:55:15.3230
ATTEMPT	507	3907	4	UNKNOWN	UNCERTAIN	RATE_LIMITED	61	2	2	Group action rate limited	2026-09-12 22:43:44.2710
ATTEMPT	508	3912	1	NULL	NULL	NULL	13	2	2	NULL	NULL
ATTEMPT	508	NULL	1	NULL	NULL	NULL	186	2	2	NULL	NULL
ATTEMPT	509	3918	4	UNKNOWN	UNCERTAIN	RATE_LIMITED	75	3	3	成员操作触发协议限流	2026-09-12 22:49:44.8680
ATTEMPT	509	3918	3	SUCCESS	STARTED	ALREADY_IN	24	3	3	目标号码已在群内	2026-09-12 22:48:30.1440
ATTEMPT	510	NULL	1	NULL	NULL	NULL	45	6	6	NULL	NULL
ATTEMPT	509	3919	3	FAILED	STARTED	PRIVACY_BLOCKED	16	4	5	目标号码隐私设置限制入群	2026-09-12 23:00:03.2060
ATTEMPT	509	3919	3	SUCCESS	STARTED	OK	39	4	4	入群成功	2026-09-12 22:59:09.0220
ATTEMPT	509	3919	4	UNKNOWN	UNCERTAIN	PROTOCOL_RESULT_UNCONFIRMED	70	4	7	结果未知，等待按配置间隔重试	2026-09-12 23:03:29.2360
ATTEMPT	509	3919	3	SUCCESS	STARTED	ALREADY_IN	38	5	5	目标号码已在群内	2026-09-12 23:00:03.2060
ATTEMPT	507	3906	4	UNKNOWN	UNCERTAIN	RATE_LIMITED	4	8	8	Group action rate limited	2026-09-12 23:02:05.3160
ATTEMPT	509	3919	4	UNKNOWN	UNCERTAIN	RATE_LIMITED	45	7	7	成员操作触发协议限流	2026-09-12 23:02:57.7690
ATTEMPT	507	NULL	1	NULL	NULL	NULL	43	9	9	NULL	NULL
ATTEMPT	509	NULL	1	NULL	NULL	NULL	11	8	8	NULL	NULL
section	call_id	group_execution_id	attempt_id	member_id	lifecycle_status	reason_code	protocol_outcome	attempt_created	actual_call_id	active_pull_attempt_id	pull_status	pull_reason_code	member_updated
BINDING_MISMATCH	8916	500	132997	94850	1	NULL	NULL	2026-09-12 22:38:27.0970	8842	132997	2	NULL	2026-09-12 22:35:00.5600
BINDING_MISMATCH	8934	508	133251	96415	1	NULL	NULL	2026-09-12 22:40:19.6440	8886	133251	2	NULL	2026-09-12 22:35:51.7300
section	id	pull_call_id	participant_ref_id	lifecycle_status	reason_code	protocol_outcome	active_slot	attempt_updated	actual_call_id	pull_status	pull_reason_code
CALL_8916_8934_ATTEMPTS	132997	8916	94850	1	NULL	NULL	1	2026-09-12 23:05:55.6520	8842	2	NULL
CALL_8916_8934_ATTEMPTS	132998	8916	94851	1	NULL	NULL	1	2026-09-12 23:05:55.6520	8916	0	NULL
CALL_8916_8934_ATTEMPTS	132999	8916	94852	1	NULL	NULL	1	2026-09-12 23:05:55.6520	8916	0	NULL
CALL_8916_8934_ATTEMPTS	133000	8916	94853	1	NULL	NULL	1	2026-09-12 23:05:55.6520	8916	0	NULL
CALL_8916_8934_ATTEMPTS	133001	8916	94854	1	NULL	NULL	1	2026-09-12 23:05:55.6520	8916	0	NULL
CALL_8916_8934_ATTEMPTS	133002	8916	94855	1	NULL	NULL	1	2026-09-12 23:05:55.6520	8916	0	NULL
CALL_8916_8934_ATTEMPTS	133003	8916	94856	1	NULL	NULL	1	2026-09-12 23:05:55.6520	8916	0	NULL
CALL_8916_8934_ATTEMPTS	133004	8916	94857	1	NULL	NULL	1	2026-09-12 23:05:55.6520	8916	0	NULL
CALL_8916_8934_ATTEMPTS	133005	8916	94858	1	NULL	NULL	1	2026-09-12 23:05:55.6520	8916	0	NULL
CALL_8916_8934_ATTEMPTS	133006	8916	94859	1	NULL	NULL	1	2026-09-12 23:05:55.6520	8916	0	NULL
CALL_8916_8934_ATTEMPTS	133007	8916	94860	1	NULL	NULL	1	2026-09-12 23:05:55.6520	8916	0	NULL
CALL_8916_8934_ATTEMPTS	133008	8916	94861	1	NULL	NULL	1	2026-09-12 23:05:55.6520	8916	0	NULL
CALL_8916_8934_ATTEMPTS	133009	8916	94862	1	NULL	NULL	1	2026-09-12 23:05:55.6520	8916	0	NULL
CALL_8916_8934_ATTEMPTS	133251	8934	96415	1	NULL	NULL	1	2026-09-12 23:05:55.6520	8886	2	NULL
CALL_8916_8934_ATTEMPTS	133252	8934	96416	1	NULL	NULL	1	2026-09-12 23:05:55.6520	8934	0	NULL
CALL_8916_8934_ATTEMPTS	133253	8934	96417	1	NULL	NULL	1	2026-09-12 23:05:55.6520	8934	0	NULL
CALL_8916_8934_ATTEMPTS	133254	8934	96418	1	NULL	NULL	1	2026-09-12 23:05:55.6520	8934	0	NULL
CALL_8916_8934_ATTEMPTS	133255	8934	96419	1	NULL	NULL	1	2026-09-12 23:05:55.6520	8934	0	NULL
CALL_8916_8934_ATTEMPTS	133256	8934	96420	1	NULL	NULL	1	2026-09-12 23:05:55.6520	8934	0	NULL
CALL_8916_8934_ATTEMPTS	133257	8934	96421	1	NULL	NULL	1	2026-09-12 23:05:55.6520	8934	0	NULL
CALL_8916_8934_ATTEMPTS	133258	8934	96422	1	NULL	NULL	1	2026-09-12 23:05:55.6520	8934	0	NULL
CALL_8916_8934_ATTEMPTS	133259	8934	96423	1	NULL	NULL	1	2026-09-12 23:05:55.6520	8934	0	NULL
CALL_8916_8934_ATTEMPTS	133260	8934	96424	1	NULL	NULL	1	2026-09-12 23:05:55.6520	8934	0	NULL
CALL_8916_8934_ATTEMPTS	133261	8934	96425	1	NULL	NULL	1	2026-09-12 23:05:55.6520	8934	0	NULL
CALL_8916_8934_ATTEMPTS	133262	8934	96426	1	NULL	NULL	1	2026-09-12 23:05:55.6520	8934	0	NULL
CALL_8916_8934_ATTEMPTS	133263	8934	96427	1	NULL	NULL	1	2026-09-12 23:05:55.6520	8934	0	NULL
section	id	group_execution_id	action_type	action_status	attempt_no	reason_code	reason_message	created_at	submitted_at	result_at
MANAGER_ACTION	43629	503	3	5	0	MANAGER_MEMBERSHIP_UNCONFIRMED	管理员在群结果无法确认	2026-09-12 22:29:57.4290	2026-09-12 22:35:16.7110	2026-09-12 22:35:16.7110
MANAGER_ACTION	43631	505	3	4	0	ACCOUNT_NOT_FOUND	管理员进群失败	2026-09-12 22:29:57.4290	2026-09-12 22:45:25.4110	2026-09-12 22:45:25.4110
MANAGER_ACTION	43632	506	3	4	0	INVITE_INVALID	群邀请码无效	2026-09-12 22:29:57.4290	2026-09-12 22:30:32.3630	2026-09-12 22:30:32.3630
section	observed_at	id	source_file_name	execution_status	reason_code	active_pull_wave_id	active_puller_group_account_id	success	pending	submitting	failed	unknown	last_business_at	last_member_result
RUNTIME_SNAPSHOT	2026-09-12 23:06:04.922	499	9-12AK01.txt	5	GROUP_BANNED	1358	3857	1	0	0	0	0	2026-09-12 22:31:49.7570	2026-09-12 22:31:56.1210
RUNTIME_SNAPSHOT	2026-09-12 23:06:04.922	509	9-12AK01.txt	3	PULLER_UNAVAILABLE	1386	NULL	187	14	0	0	0	2026-09-12 23:02:40.5980	2026-09-12 23:00:03.2060
RUNTIME_SNAPSHOT	2026-09-12 23:06:04.922	500	9-12AK03.txt	2	NULL	1365	3897	96	105	0	0	0	2026-09-12 22:37:27.1690	2026-09-12 22:35:00.5600
RUNTIME_SNAPSHOT	2026-09-12 23:06:04.922	501	9-12AK04.txt	5	GROUP_BANNED	1359	3867	1	0	0	0	0	2026-09-12 22:31:52.1540	2026-09-12 22:32:02.4260
RUNTIME_SNAPSHOT	2026-09-12 23:06:04.922	510	9-12AK04.txt	3	PULLER_UNAVAILABLE	1374	NULL	88	113	0	0	0	2026-09-12 22:52:32.2750	2026-09-12 22:52:45.6480
RUNTIME_SNAPSHOT	2026-09-12 23:06:04.922	502	9-12AK06.txt	5	GROUP_BANNED	1356	3861	1	0	0	0	0	2026-09-12 22:31:26.3370	2026-09-12 22:31:39.4630
RUNTIME_SNAPSHOT	2026-09-12 23:06:04.922	507	9-12AK06.txt	3	PULLER_UNAVAILABLE	1385	NULL	153	48	0	0	0	2026-09-12 23:01:56.9690	2026-09-12 22:58:35.5440
RUNTIME_SNAPSHOT	2026-09-12 23:06:04.922	503	9-12AK07.txt	6	NULL	NULL	NULL	0	0	0	0	0	2026-09-12 22:35:16.7110	2026-09-12 22:35:34.9520
RUNTIME_SNAPSHOT	2026-09-12 23:06:04.922	504	9-12AK08.txt	5	GROUP_BANNED	1357	3876	1	0	0	0	0	2026-09-12 22:31:36.2720	2026-09-12 22:31:46.9170
RUNTIME_SNAPSHOT	2026-09-12 23:06:04.922	508	9-12AK08.txt	2	NULL	1367	3912	3	198	0	0	0	2026-09-12 22:39:21.8150	2026-09-12 22:35:51.7300
RUNTIME_SNAPSHOT	2026-09-12 23:06:04.922	505	9-12AK09.txt	3	MANAGER_UNAVAILABLE	NULL	NULL	0	201	0	0	0	2026-09-12 22:45:25.4110	NULL
RUNTIME_SNAPSHOT	2026-09-12 23:06:04.922	506	9-12AK10.txt	5	INVITE_INVALID	NULL	NULL	0	201	0	0	0	2026-09-12 22:30:32.3630	NULL
