checked_utc	db
2026-09-16 15:47:36	armada_perf
id	group_jid	banned	health_status	last_error_code	ban_utc	profile_updated_utc
19404	120363423758581377@g.us	1	3	CHAT_SUSPENDED	2026-09-16 14:58:37.5010	2026-09-16 14:58:38.5400
19402	120363433010872755@g.us	1	3	CHAT_SUSPENDED	2026-09-16 14:44:00.3580	2026-09-16 14:44:01.3330
id	task_name	status	business_type	is_abnormal_group_skipped	selected_account_count	target_group_count	sent_message_count	failed_message_count	current_round_no	updated_utc
275	111	8	1	1	2	2	6	0	3	2026-09-16 15:07:38.9380
276	111	8	1	1	2	3	108	0	27	2026-09-16 15:34:18.5510
marketing_task_id	group_jid	status	group_status	group_status_reason	attempts	first_round	last_round	first_attempt_utc	last_result_utc
275	120363423758581377@g.us	1	NORMAL	GROUP_SEND_ALLOWED	2	2	3	2026-09-16 15:00:46.0980	2026-09-16 15:05:48.9340
276	120363423758581377@g.us	1	NORMAL	GROUP_SEND_ALLOWED	27	1	27	2026-09-16 15:08:00.3400	2026-09-16 15:34:07.0450
275	120363433010872755@g.us	1	NORMAL	GROUP_SEND_ALLOWED	3	1	3	2026-09-16 14:55:45.2440	2026-09-16 15:05:48.3540
276	120363433010872755@g.us	1	NORMAL	GROUP_SEND_ALLOWED	27	1	27	2026-09-16 15:08:00.3400	2026-09-16 15:34:06.0570
account_id	group_jid	presence_status	last_exit_type	presence_utc
1779	120363423758581377@g.us	1	NULL	2026-09-16 14:54:29.5280
1779	120363433010872755@g.us	1	NULL	2026-09-16 14:43:59.9230
id	marketing_task_id	account_id	target_scope	sent_message_count	failed_message_count	status
1834	276	1778	2	27	0	3
1835	276	1779	2	81	0	3

